,Mã khách hàng,Total Days
0,CUZ00001,0.0
1,CUZ00002,0.0
2,CUZ00003,91.0
3,CUZ00004,0.0
4,CUZ00005,0.0
5,CUZ00006,0.0
6,CUZ00007,0.0
7,CUZ00008,0.0
8,CUZ00009,0.0
9,CUZ00010,0.0
10,CUZ00011,0.0
11,CUZ00012,266.0
12,CUZ00013,0.0
13,CUZ00014,0.0
14,CUZ00015,0.0
15,CUZ00016,0.0
16,CUZ00017,0.0
17,CUZ00018,0.0
18,CUZ00019,0.0
19,CUZ00020,0.0
20,CUZ00021,0.0
21,CUZ00022,0.0
22,CUZ00023,0.0
23,CUZ00024,83.0
24,CUZ00025,0.0
25,CUZ00026,0.0
26,CUZ00027,0.0
27,CUZ00028,0.0
28,CUZ00029,0.0
29,CUZ00030,0.0
30,CUZ00031,0.0
31,CUZ00032,0.0
32,CUZ00033,0.0
33,CUZ00034,0.0
34,CUZ00035,140.0
35,CUZ00036,0.0
36,CUZ00037,0.0
37,CUZ00038,0.0
38,CUZ00039,0.0
39,CUZ00040,0.0
40,CUZ00041,0.0
41,CUZ00042,353.0
42,CUZ00043,0.0
43,CUZ00044,0.0
44,CUZ00045,0.0
45,CUZ00046,0.0
46,CUZ00047,0.0
47,CUZ00048,0.0
48,CUZ00049,0.0
49,CUZ00050,0.0
50,CUZ00051,0.0
51,CUZ00052,0.0
52,CUZ00053,0.0
53,CUZ00054,0.0
54,CUZ00055,0.0
55,CUZ00056,0.0
56,CUZ00057,0.0
57,CUZ00058,0.0
58,CUZ00059,0.0
59,CUZ00060,0.0
60,CUZ00061,0.0
61,CUZ00062,0.0
62,CUZ00063,260.0
63,CUZ00064,0.0
64,CUZ00065,348.0
65,CUZ00066,0.0
66,CUZ00067,0.0
67,CUZ00068,0.0
68,CUZ00069,0.0
69,CUZ00070,168.0
70,CUZ00071,0.0
71,CUZ00072,31.0
72,CUZ00073,0.0
73,CUZ00074,0.0
74,CUZ00075,0.0
75,CUZ00076,0.0
76,CUZ00077,0.0
77,CUZ00078,0.0
78,CUZ00079,0.0
79,CUZ00080,0.0
80,CUZ00081,0.0
81,CUZ00082,0.0
82,CUZ00083,0.0
83,CUZ00084,0.0
84,CUZ00085,0.0
85,CUZ00086,0.0
86,CUZ00087,0.0
87,CUZ00088,0.0
88,CUZ00089,0.0
89,CUZ00090,0.0
90,CUZ00091,0.0
91,CUZ00092,0.0
92,CUZ00093,0.0
93,CUZ00094,0.0
94,CUZ00095,0.0
95,CUZ00096,0.0
96,CUZ00097,0.0
97,CUZ00098,0.0
98,CUZ00099,0.0
99,CUZ00100,0.0
100,CUZ00101,0.0
101,CUZ00102,0.0
102,CUZ00103,0.0
103,CUZ00104,0.0
104,CUZ00105,314.0
105,CUZ00106,75.0
106,CUZ00107,0.0
107,CUZ00108,0.0
108,CUZ00109,0.0
109,CUZ00110,0.0
110,CUZ00111,0.0
111,CUZ00112,187.0
112,CUZ00113,0.0
113,CUZ00114,0.0
114,CUZ00115,0.0
115,CUZ00116,0.0
116,CUZ00117,0.0
117,CUZ00118,0.0
118,CUZ00119,0.0
119,CUZ00120,0.0
120,CUZ00121,233.0
121,CUZ00122,0.0
122,CUZ00123,0.0
123,CUZ00124,0.0
124,CUZ00125,0.0
125,CUZ00126,0.0
126,CUZ00127,0.0
127,CUZ00128,0.0
128,CUZ00129,0.0
129,CUZ00130,0.0
130,CUZ00131,0.0
131,CUZ00132,0.0
132,CUZ00133,0.0
133,CUZ00134,0.0
134,CUZ00135,0.0
135,CUZ00136,0.0
136,CUZ00137,0.0
137,CUZ00138,0.0
138,CUZ00139,0.0
139,CUZ00140,0.0
140,CUZ00141,0.0
141,CUZ00142,0.0
142,CUZ00143,0.0
143,CUZ00144,0.0
144,CUZ00145,261.0
145,CUZ00146,0.0
146,CUZ00147,269.0
147,CUZ00148,0.0
148,CUZ00149,0.0
149,CUZ00150,0.0
150,CUZ00151,0.0
151,CUZ00152,0.0
152,CUZ00153,0.0
153,CUZ00154,0.0
154,CUZ00155,0.0
155,CUZ00156,0.0
156,CUZ00157,0.0
157,CUZ00158,0.0
158,CUZ00159,0.0
159,CUZ00160,0.0
160,CUZ00161,0.0
161,CUZ00162,0.0
162,CUZ00163,0.0
163,CUZ00164,0.0
164,CUZ00165,0.0
165,CUZ00166,0.0
166,CUZ00167,237.0
167,CUZ00168,0.0
168,CUZ00169,0.0
169,CUZ00170,0.0
170,CUZ00171,0.0
171,CUZ00172,131.0
172,CUZ00173,204.0
173,CUZ00174,0.0
174,CUZ00175,0.0
175,CUZ00176,0.0
176,CUZ00177,0.0
177,CUZ00178,0.0
178,CUZ00179,110.0
179,CUZ00180,0.0
180,CUZ00181,0.0
181,CUZ00182,0.0
182,CUZ00183,0.0
183,CUZ00184,0.0
184,CUZ00185,221.0
185,CUZ00186,0.0
186,CUZ00187,0.0
187,CUZ00188,0.0
188,CUZ00189,0.0
189,CUZ00190,0.0
190,CUZ00191,0.0
191,CUZ00192,0.0
192,CUZ00193,0.0
193,CUZ00194,0.0
194,CUZ00195,0.0
195,CUZ00196,0.0
196,CUZ00197,0.0
197,CUZ00198,0.0
198,CUZ00199,0.0
199,CUZ00200,0.0
200,CUZ00201,0.0
201,CUZ00202,0.0
202,CUZ00203,0.0
203,CUZ00204,0.0
204,CUZ00205,0.0
205,CUZ00206,0.0
206,CUZ00207,115.0
207,CUZ00208,0.0
208,CUZ00209,0.0
209,CUZ00210,0.0
210,CUZ00211,0.0
211,CUZ00212,0.0
212,CUZ00213,316.0
213,CUZ00214,0.0
214,CUZ00215,0.0
215,CUZ00216,0.0
216,CUZ00217,0.0
217,CUZ00218,0.0
218,CUZ00219,0.0
219,CUZ00220,0.0
220,CUZ00221,247.0
221,CUZ00222,0.0
222,CUZ00223,0.0
223,CUZ00224,0.0
224,CUZ00225,0.0
225,CUZ00226,173.0
226,CUZ00227,0.0
227,CUZ00228,0.0
228,CUZ00229,0.0
229,CUZ00230,0.0
230,CUZ00231,0.0
231,CUZ00232,0.0
232,CUZ00233,0.0
233,CUZ00234,0.0
234,CUZ00235,0.0
235,CUZ00236,0.0
236,CUZ00237,0.0
237,CUZ00238,0.0
238,CUZ00239,0.0
239,CUZ00240,238.0
240,CUZ00241,0.0
241,CUZ00242,125.0
242,CUZ00243,0.0
243,CUZ00244,0.0
244,CUZ00245,0.0
245,CUZ00246,60.0
246,CUZ00247,123.0
247,CUZ00248,0.0
248,CUZ00249,0.0
249,CUZ00250,0.0
250,CUZ00251,0.0
251,CUZ00252,0.0
252,CUZ00253,168.0
253,CUZ00254,0.0
254,CUZ00255,331.0
255,CUZ00256,0.0
256,CUZ00257,0.0
257,CUZ00258,0.0
258,CUZ00259,0.0
259,CUZ00260,0.0
260,CUZ00261,0.0
261,CUZ00262,0.0
262,CUZ00263,0.0
263,CUZ00264,0.0
264,CUZ00265,0.0
265,CUZ00266,0.0
266,CUZ00267,0.0
267,CUZ00268,0.0
268,CUZ00269,0.0
269,CUZ00270,0.0
270,CUZ00271,0.0
271,CUZ00272,0.0
272,CUZ00273,0.0
273,CUZ00274,0.0
274,CUZ00275,0.0
275,CUZ00276,0.0
276,CUZ00277,264.0
277,CUZ00278,0.0
278,CUZ00279,0.0
279,CUZ00280,0.0
280,CUZ00281,325.0
281,CUZ00282,0.0
282,CUZ00283,0.0
283,CUZ00284,0.0
284,CUZ00285,0.0
285,CUZ00286,132.0
286,CUZ00287,0.0
287,CUZ00288,0.0
288,CUZ00289,0.0
289,CUZ00290,0.0
290,CUZ00291,0.0
291,CUZ00292,0.0
292,CUZ00293,0.0
293,CUZ00294,0.0
294,CUZ00295,0.0
295,CUZ00296,0.0
296,CUZ00297,0.0
297,CUZ00298,0.0
298,CUZ00299,0.0
299,CUZ00300,0.0
300,CUZ00301,0.0
301,CUZ00302,0.0
302,CUZ00303,0.0
303,CUZ00304,0.0
304,CUZ00305,0.0
305,CUZ00306,0.0
306,CUZ00307,0.0
307,CUZ00308,0.0
308,CUZ00309,0.0
309,CUZ00310,0.0
310,CUZ00311,0.0
311,CUZ00312,0.0
312,CUZ00313,0.0
313,CUZ00314,0.0
314,CUZ00315,0.0
315,CUZ00316,0.0
316,CUZ00317,0.0
317,CUZ00318,0.0
318,CUZ00319,0.0
319,CUZ00320,0.0
320,CUZ00321,0.0
321,CUZ00322,0.0
322,CUZ00323,0.0
323,CUZ00324,0.0
324,CUZ00325,0.0
325,CUZ00326,0.0
326,CUZ00327,0.0
327,CUZ00328,0.0
328,CUZ00329,0.0
329,CUZ00330,279.0
330,CUZ00331,218.0
331,CUZ00332,0.0
332,CUZ00333,0.0
333,CUZ00334,0.0
334,CUZ00335,0.0
335,CUZ00336,0.0
336,CUZ00337,0.0
337,CUZ00338,0.0
338,CUZ00339,0.0
339,CUZ00340,0.0
340,CUZ00341,124.0
341,CUZ00342,0.0
342,CUZ00343,0.0
343,CUZ00344,78.0
344,CUZ00345,0.0
345,CUZ00346,0.0
346,CUZ00347,0.0
347,CUZ00348,0.0
348,CUZ00349,95.0
349,CUZ00350,0.0
350,CUZ00351,0.0
351,CUZ00352,0.0
352,CUZ00353,0.0
353,CUZ00354,0.0
354,CUZ00355,0.0
355,CUZ00356,0.0
356,CUZ00357,0.0
357,CUZ00358,0.0
358,CUZ00359,0.0
359,CUZ00360,0.0
360,CUZ00361,0.0
361,CUZ00362,0.0
362,CUZ00363,0.0
363,CUZ00364,280.0
364,CUZ00365,0.0
365,CUZ00366,0.0
366,CUZ00367,0.0
367,CUZ00368,0.0
368,CUZ00369,0.0
369,CUZ00370,0.0
370,CUZ00371,0.0
371,CUZ00372,0.0
372,CUZ00373,161.0
373,CUZ00374,33.0
374,CUZ00375,0.0
375,CUZ00376,0.0
376,CUZ00377,0.0
377,CUZ00378,0.0
378,CUZ00379,0.0
379,CUZ00380,0.0
380,CUZ00381,0.0
381,CUZ00382,0.0
382,CUZ00383,0.0
383,CUZ00384,0.0
384,CUZ00385,0.0
385,CUZ00386,60.0
386,CUZ00387,0.0
387,CUZ00388,291.0
388,CUZ00389,0.0
389,CUZ00390,0.0
390,CUZ00391,0.0
391,CUZ00392,0.0
392,CUZ00393,0.0
393,CUZ00394,25.0
394,CUZ00395,0.0
395,CUZ00396,0.0
396,CUZ00397,0.0
397,CUZ00398,0.0
398,CUZ00399,244.0
399,CUZ00400,0.0
400,CUZ00401,0.0
401,CUZ00402,123.0
402,CUZ00403,0.0
403,CUZ00404,0.0
404,CUZ00405,0.0
405,CUZ00406,0.0
406,CUZ00407,0.0
407,CUZ00408,0.0
408,CUZ00409,0.0
409,CUZ00410,0.0
410,CUZ00411,91.0
411,CUZ00412,0.0
412,CUZ00413,0.0
413,CUZ00414,0.0
414,CUZ00415,0.0
415,CUZ00416,0.0
416,CUZ00417,0.0
417,CUZ00418,0.0
418,CUZ00419,282.0
419,CUZ00420,0.0
420,CUZ00421,112.0
421,CUZ00422,0.0
422,CUZ00423,0.0
423,CUZ00424,0.0
424,CUZ00425,0.0
425,CUZ00426,0.0
426,CUZ00427,0.0
427,CUZ00428,0.0
428,CUZ00429,0.0
429,CUZ00430,24.0
430,CUZ00431,0.0
431,CUZ00432,0.0
432,CUZ00433,0.0
433,CUZ00434,0.0
434,CUZ00435,0.0
435,CUZ00436,0.0
436,CUZ00437,0.0
437,CUZ00438,0.0
438,CUZ00439,0.0
439,CUZ00440,0.0
440,CUZ00441,0.0
441,CUZ00442,68.0
442,CUZ00443,105.0
443,CUZ00444,0.0
444,CUZ00445,0.0
445,CUZ00446,0.0
446,CUZ00447,0.0
447,CUZ00448,0.0
448,CUZ00449,0.0
449,CUZ00450,0.0
450,CUZ00451,0.0
451,CUZ00452,159.0
452,CUZ00453,0.0
453,CUZ00454,29.0
454,CUZ00455,0.0
455,CUZ00456,0.0
456,CUZ00457,0.0
457,CUZ00458,0.0
458,CUZ00459,0.0
459,CUZ00460,0.0
460,CUZ00461,0.0
461,CUZ00462,0.0
462,CUZ00463,0.0
463,CUZ00464,0.0
464,CUZ00465,0.0
465,CUZ00466,0.0
466,CUZ00467,0.0
467,CUZ00468,0.0
468,CUZ00469,0.0
469,CUZ00470,0.0
470,CUZ00471,0.0
471,CUZ00472,0.0
472,CUZ00473,0.0
473,CUZ00474,72.0
474,CUZ00475,0.0
475,CUZ00476,0.0
476,CUZ00477,0.0
477,CUZ00478,0.0
478,CUZ00479,0.0
479,CUZ00480,0.0
480,CUZ00481,0.0
481,CUZ00482,0.0
482,CUZ00483,0.0
483,CUZ00484,0.0
484,CUZ00485,0.0
485,CUZ00486,0.0
486,CUZ00487,0.0
487,CUZ00488,0.0
488,CUZ00489,0.0
489,CUZ00490,0.0
490,CUZ00491,0.0
491,CUZ00492,0.0
492,CUZ00493,0.0
493,CUZ00494,0.0
494,CUZ00495,0.0
495,CUZ00496,0.0
496,CUZ00497,0.0
497,CUZ00498,0.0
498,CUZ00499,0.0
499,CUZ00500,0.0
500,CUZ00501,0.0
501,CUZ00502,0.0
502,CUZ00503,0.0
503,CUZ00504,270.0
504,CUZ00505,252.0
505,CUZ00506,0.0
506,CUZ00507,120.0
507,CUZ00508,0.0
508,CUZ00509,0.0
509,CUZ00510,0.0
510,CUZ00511,0.0
511,CUZ00512,0.0
512,CUZ00513,0.0
513,CUZ00514,0.0
514,CUZ00515,53.0
515,CUZ00516,0.0
516,CUZ00517,0.0
517,CUZ00518,18.0
518,CUZ00519,0.0
519,CUZ00520,278.0
520,CUZ00521,0.0
521,CUZ00522,0.0
522,CUZ00523,0.0
523,CUZ00524,0.0
524,CUZ00525,0.0
525,CUZ00526,0.0
526,CUZ00527,0.0
527,CUZ00528,0.0
528,CUZ00529,0.0
529,CUZ00530,0.0
530,CUZ00531,0.0
531,CUZ00532,0.0
532,CUZ00533,247.0
533,CUZ00534,0.0
534,CUZ00535,0.0
535,CUZ00536,0.0
536,CUZ00537,0.0
537,CUZ00538,0.0
538,CUZ00539,0.0
539,CUZ00540,0.0
540,CUZ00541,277.0
541,CUZ00542,0.0
542,CUZ00543,0.0
543,CUZ00544,0.0
544,CUZ00545,0.0
545,CUZ00546,0.0
546,CUZ00547,69.0
547,CUZ00548,0.0
548,CUZ00549,196.0
549,CUZ00550,0.0
550,CUZ00551,0.0
551,CUZ00552,0.0
552,CUZ00553,192.0
553,CUZ00554,292.0
554,CUZ00555,35.0
555,CUZ00556,0.0
556,CUZ00557,31.0
557,CUZ00558,278.0
558,CUZ00559,52.0
559,CUZ00560,0.0
560,CUZ00561,0.0
561,CUZ00562,0.0
562,CUZ00563,0.0
563,CUZ00564,0.0
564,CUZ00565,288.0
565,CUZ00566,0.0
566,CUZ00567,0.0
567,CUZ00568,0.0
568,CUZ00569,0.0
569,CUZ00570,213.0
570,CUZ00571,0.0
571,CUZ00572,0.0
572,CUZ00573,0.0
573,CUZ00574,0.0
574,CUZ00575,0.0
575,CUZ00576,0.0
576,CUZ00577,0.0
577,CUZ00578,0.0
578,CUZ00579,0.0
579,CUZ00580,0.0
580,CUZ00581,0.0
581,CUZ00582,0.0
582,CUZ00583,0.0
583,CUZ00584,0.0
584,CUZ00585,143.0
585,CUZ00586,105.0
586,CUZ00587,0.0
587,CUZ00588,24.0
588,CUZ00589,0.0
589,CUZ00590,0.0
590,CUZ00591,0.0
591,CUZ00592,0.0
592,CUZ00593,0.0
593,CUZ00594,78.0
594,CUZ00595,192.0
595,CUZ00596,0.0
596,CUZ00597,0.0
597,CUZ00598,0.0
598,CUZ00599,172.0
599,CUZ00600,0.0
600,CUZ00601,0.0
601,CUZ00602,0.0
602,CUZ00603,0.0
603,CUZ00604,0.0
604,CUZ00605,0.0
605,CUZ00606,0.0
606,CUZ00607,0.0
607,CUZ00608,0.0
608,CUZ00609,160.0
609,CUZ00610,0.0
610,CUZ00611,61.0
611,CUZ00612,0.0
612,CUZ00613,0.0
613,CUZ00614,41.0
614,CUZ00615,0.0
615,CUZ00616,0.0
616,CUZ00617,0.0
617,CUZ00618,75.0
618,CUZ00619,0.0
619,CUZ00620,0.0
620,CUZ00621,0.0
621,CUZ00622,199.0
622,CUZ00623,203.0
623,CUZ00624,0.0
624,CUZ00625,0.0
625,CUZ00626,0.0
626,CUZ00627,0.0
627,CUZ00628,0.0
628,CUZ00629,0.0
629,CUZ00630,0.0
630,CUZ00631,0.0
631,CUZ00632,0.0
632,CUZ00633,0.0
633,CUZ00634,0.0
634,CUZ00635,0.0
635,CUZ00636,0.0
636,CUZ00637,0.0
637,CUZ00638,217.0
638,CUZ00639,0.0
639,CUZ00640,0.0
640,CUZ00641,0.0
641,CUZ00642,0.0
642,CUZ00643,0.0
643,CUZ00644,0.0
644,CUZ00645,0.0
645,CUZ00646,0.0
646,CUZ00647,0.0
647,CUZ00648,0.0
648,CUZ00649,0.0
649,CUZ00650,0.0
650,CUZ00651,0.0
651,CUZ00652,242.0
652,CUZ00653,0.0
653,CUZ00654,0.0
654,CUZ00655,244.0
655,CUZ00656,0.0
656,CUZ00657,0.0
657,CUZ00658,0.0
658,CUZ00659,0.0
659,CUZ00660,0.0
660,CUZ00661,0.0
661,CUZ00662,0.0
662,CUZ00663,0.0
663,CUZ00664,0.0
664,CUZ00665,0.0
665,CUZ00666,0.0
666,CUZ00667,0.0
667,CUZ00668,0.0
668,CUZ00669,0.0
669,CUZ00670,0.0
670,CUZ00671,0.0
671,CUZ00672,244.0
672,CUZ00673,0.0
673,CUZ00674,118.0
674,CUZ00675,0.0
675,CUZ00676,85.0
676,CUZ00677,263.0
677,CUZ00678,0.0
678,CUZ00679,0.0
679,CUZ00680,0.0
680,CUZ00681,0.0
681,CUZ00682,0.0
682,CUZ00683,0.0
683,CUZ00684,0.0
684,CUZ00685,0.0
685,CUZ00686,0.0
686,CUZ00687,0.0
687,CUZ00688,0.0
688,CUZ00689,0.0
689,CUZ00690,0.0
690,CUZ00691,138.0
691,CUZ00692,0.0
692,CUZ00693,0.0
693,CUZ00694,0.0
694,CUZ00695,0.0
695,CUZ00696,0.0
696,CUZ00697,0.0
697,CUZ00698,235.0
698,CUZ00699,0.0
699,CUZ00700,161.0
700,CUZ00701,0.0
701,CUZ00702,129.0
702,CUZ00703,0.0
703,CUZ00704,8.0
704,CUZ00705,0.0
705,CUZ00706,149.0
706,CUZ00707,12.0
707,CUZ00708,144.0
708,CUZ00709,55.0
709,CUZ00710,0.0
710,CUZ00711,226.0
711,CUZ00712,0.0
712,CUZ00713,50.0
713,CUZ00714,0.0
714,CUZ00715,0.0
715,CUZ00716,0.0
716,CUZ00717,0.0
717,CUZ00718,0.0
718,CUZ00719,252.0
719,CUZ00720,0.0
720,CUZ00721,0.0
721,CUZ00722,0.0
722,CUZ00723,89.0
723,CUZ00724,0.0
724,CUZ00725,0.0
725,CUZ00726,0.0
726,CUZ00727,0.0
727,CUZ00728,191.0
728,CUZ00729,0.0
729,CUZ00730,0.0
730,CUZ00731,0.0
731,CUZ00732,69.0
732,CUZ00733,0.0
733,CUZ00734,0.0
734,CUZ00735,127.0
735,CUZ00736,273.0
736,CUZ00737,232.0
737,CUZ00738,0.0
738,CUZ00739,171.0
739,CUZ00740,0.0
740,CUZ00741,44.0
741,CUZ00742,268.0
742,CUZ00743,193.0
743,CUZ00744,61.0
744,CUZ00745,0.0
745,CUZ00746,0.0
746,CUZ00747,0.0
747,CUZ00748,257.0
748,CUZ00749,0.0
749,CUZ00750,0.0
750,CUZ00751,0.0
751,CUZ00752,175.0
752,CUZ00753,0.0
753,CUZ00754,0.0
754,CUZ00755,89.0
755,CUZ00756,0.0
756,CUZ00757,0.0
757,CUZ00758,0.0
758,CUZ00759,0.0
759,CUZ00760,182.0
760,CUZ00761,91.0
761,CUZ00762,0.0
762,CUZ00763,0.0
763,CUZ00764,0.0
764,CUZ00765,0.0
765,CUZ00766,0.0
766,CUZ00767,0.0
767,CUZ00768,221.0
768,CUZ00769,0.0
769,CUZ00770,0.0
770,CUZ00771,0.0
771,CUZ00772,0.0
772,CUZ00773,202.0
773,CUZ00774,0.0
774,CUZ00775,0.0
775,CUZ00776,0.0
776,CUZ00777,0.0
777,CUZ00778,0.0
778,CUZ00779,0.0
779,CUZ00780,0.0
780,CUZ00781,0.0
781,CUZ00782,0.0
782,CUZ00783,0.0
783,CUZ00784,254.0
784,CUZ00785,0.0
785,CUZ00786,0.0
786,CUZ00787,0.0
787,CUZ00788,0.0
788,CUZ00789,267.0
789,CUZ00790,0.0
790,CUZ00791,0.0
791,CUZ00792,228.0
792,CUZ00793,55.0
793,CUZ00794,0.0
794,CUZ00795,0.0
795,CUZ00796,0.0
796,CUZ00797,0.0
797,CUZ00798,0.0
798,CUZ00799,250.0
799,CUZ00800,244.0
800,CUZ00801,0.0
801,CUZ00802,0.0
802,CUZ00803,0.0
803,CUZ00804,222.0
804,CUZ00805,0.0
805,CUZ00806,0.0
806,CUZ00807,175.0
807,CUZ00808,0.0
808,CUZ00809,226.0
809,CUZ00810,0.0
810,CUZ00811,0.0
811,CUZ00812,0.0
812,CUZ00813,156.0
813,CUZ00814,0.0
814,CUZ00815,0.0
815,CUZ00816,0.0
816,CUZ00817,168.0
817,CUZ00818,0.0
818,CUZ00819,0.0
819,CUZ00820,187.0
820,CUZ00821,0.0
821,CUZ00822,66.0
822,CUZ00823,0.0
823,CUZ00824,0.0
824,CUZ00825,0.0
825,CUZ00826,0.0
826,CUZ00827,0.0
827,CUZ00828,0.0
828,CUZ00829,0.0
829,CUZ00830,0.0
830,CUZ00831,0.0
831,CUZ00832,62.0
832,CUZ00833,0.0
833,CUZ00834,0.0
834,CUZ00835,0.0
835,CUZ00836,263.0
836,CUZ00837,0.0
837,CUZ00838,0.0
838,CUZ00839,0.0
839,CUZ00840,0.0
840,CUZ00841,0.0
841,CUZ00842,0.0
842,CUZ00843,0.0
843,CUZ00844,232.0
844,CUZ00845,0.0
845,CUZ00846,0.0
846,CUZ00847,0.0
847,CUZ00848,0.0
848,CUZ00849,0.0
849,CUZ00850,0.0
850,CUZ00851,241.0
851,CUZ00852,0.0
852,CUZ00853,0.0
853,CUZ00854,0.0
854,CUZ00855,0.0
855,CUZ00856,0.0
856,CUZ00857,0.0
857,CUZ00858,208.0
858,CUZ00859,0.0
859,CUZ00860,0.0
860,CUZ00861,0.0
861,CUZ00862,0.0
862,CUZ00863,197.0
863,CUZ00864,0.0
864,CUZ00865,0.0
865,CUZ00866,216.0
866,CUZ00867,0.0
867,CUZ00868,0.0
868,CUZ00869,214.0
869,CUZ00870,0.0
870,CUZ00871,0.0
871,CUZ00872,120.0
872,CUZ00873,0.0
873,CUZ00874,0.0
874,CUZ00875,0.0
875,CUZ00876,0.0
876,CUZ00877,0.0
877,CUZ00878,0.0
878,CUZ00879,0.0
879,CUZ00880,256.0
880,CUZ00881,247.0
881,CUZ00882,0.0
882,CUZ00883,0.0
883,CUZ00884,0.0
884,CUZ00885,83.0
885,CUZ00886,0.0
886,CUZ00887,0.0
887,CUZ00888,184.0
888,CUZ00889,0.0
889,CUZ00890,0.0
890,CUZ00891,0.0
891,CUZ00892,0.0
892,CUZ00893,0.0
893,CUZ00894,0.0
894,CUZ00895,240.0
895,CUZ00896,0.0
896,CUZ00897,0.0
897,CUZ00898,0.0
898,CUZ00899,0.0
899,CUZ00900,0.0
900,CUZ00901,0.0
901,CUZ00902,0.0
902,CUZ00903,0.0
903,CUZ00904,220.0
904,CUZ00905,0.0
905,CUZ00906,0.0
906,CUZ00907,0.0
907,CUZ00908,0.0
908,CUZ00909,0.0
909,CUZ00910,135.0
910,CUZ00911,0.0
911,CUZ00912,0.0
912,CUZ00913,0.0
913,CUZ00914,237.0
914,CUZ00915,0.0
915,CUZ00916,0.0
916,CUZ00917,0.0
917,CUZ00918,0.0
918,CUZ00919,0.0
919,CUZ00920,241.0
920,CUZ00921,0.0
921,CUZ00922,0.0
922,CUZ00923,0.0
923,CUZ00924,44.0
924,CUZ00925,0.0
925,CUZ00926,0.0
926,CUZ00927,0.0
927,CUZ00928,0.0
928,CUZ00929,0.0
929,CUZ00930,0.0
930,CUZ00931,0.0
931,CUZ00932,0.0
932,CUZ00933,0.0
933,CUZ00934,0.0
934,CUZ00935,0.0
935,CUZ00936,0.0
936,CUZ00937,0.0
937,CUZ00938,0.0
938,CUZ00939,0.0
939,CUZ00940,0.0
940,CUZ00941,163.0
941,CUZ00942,0.0
942,CUZ00943,0.0
943,CUZ00944,117.0
944,CUZ00945,0.0
945,CUZ00946,0.0
946,CUZ00947,0.0
947,CUZ00948,0.0
948,CUZ00949,0.0
949,CUZ00950,0.0
950,CUZ00951,0.0
951,CUZ00952,0.0
952,CUZ00953,0.0
953,CUZ00954,0.0
954,CUZ00955,0.0
955,CUZ00956,0.0
956,CUZ00957,0.0
957,CUZ00958,0.0
958,CUZ00959,0.0
959,CUZ00960,0.0
960,CUZ00961,0.0
961,CUZ00962,0.0
962,CUZ00963,0.0
963,CUZ00964,0.0
964,CUZ00965,0.0
965,CUZ00966,0.0
966,CUZ00967,182.0
967,CUZ00968,0.0
968,CUZ00969,80.0
969,CUZ00970,0.0
970,CUZ00971,0.0
971,CUZ00972,211.0
972,CUZ00973,0.0
973,CUZ00974,0.0
974,CUZ00975,230.0
975,CUZ00976,60.0
976,CUZ00977,0.0
977,CUZ00978,0.0
978,CUZ00979,146.0
979,CUZ00980,68.0
980,CUZ00981,0.0
981,CUZ00982,0.0
982,CUZ00983,44.0
983,CUZ00984,56.0
984,CUZ00985,0.0
985,CUZ00986,220.0
986,CUZ00987,0.0
987,CUZ00988,0.0
988,CUZ00989,0.0
989,CUZ00990,0.0
990,CUZ00991,0.0
991,CUZ00992,247.0
992,CUZ00993,226.0
993,CUZ00994,104.0
994,CUZ00995,0.0
995,CUZ00996,0.0
996,CUZ00997,0.0
997,CUZ00998,0.0
998,CUZ00999,0.0
999,CUZ01000,0.0
1000,CUZ01001,0.0
1001,CUZ01002,0.0
1002,CUZ01003,0.0
1003,CUZ01004,0.0
1004,CUZ01005,0.0
1005,CUZ01006,0.0
1006,CUZ01007,0.0
1007,CUZ01008,0.0
1008,CUZ01009,139.0
1009,CUZ01010,63.0
1010,CUZ01011,0.0
1011,CUZ01012,0.0
1012,CUZ01013,0.0
1013,CUZ01014,0.0
1014,CUZ01015,0.0
1015,CUZ01016,0.0
1016,CUZ01017,0.0
1017,CUZ01018,0.0
1018,CUZ01019,0.0
1019,CUZ01020,0.0
1020,CUZ01021,0.0
1021,CUZ01022,0.0
1022,CUZ01023,0.0
1023,CUZ01024,0.0
1024,CUZ01025,197.0
1025,CUZ01026,0.0
1026,CUZ01027,0.0
1027,CUZ01028,0.0
1028,CUZ01029,0.0
1029,CUZ01030,29.0
1030,CUZ01031,0.0
1031,CUZ01032,126.0
1032,CUZ01033,141.0
1033,CUZ01034,0.0
1034,CUZ01035,0.0
1035,CUZ01036,0.0
1036,CUZ01037,0.0
1037,CUZ01038,0.0
1038,CUZ01039,0.0
1039,CUZ01040,0.0
1040,CUZ01041,0.0
1041,CUZ01042,0.0
1042,CUZ01043,190.0
1043,CUZ01044,215.0
1044,CUZ01045,0.0
1045,CUZ01046,0.0
1046,CUZ01047,0.0
1047,CUZ01048,0.0
1048,CUZ01049,0.0
1049,CUZ01050,0.0
1050,CUZ01051,0.0
1051,CUZ01052,0.0
1052,CUZ01053,0.0
1053,CUZ01054,0.0
1054,CUZ01055,0.0
1055,CUZ01056,0.0
1056,CUZ01057,0.0
1057,CUZ01058,0.0
1058,CUZ01059,0.0
1059,CUZ01060,0.0
1060,CUZ01061,0.0
1061,CUZ01062,0.0
1062,CUZ01063,0.0
1063,CUZ01064,0.0
1064,CUZ01065,0.0
1065,CUZ01066,156.0
1066,CUZ01067,0.0
1067,CUZ01068,0.0
1068,CUZ01069,0.0
1069,CUZ01070,0.0
1070,CUZ01071,0.0
1071,CUZ01072,0.0
1072,CUZ01073,0.0
1073,CUZ01074,0.0
1074,CUZ01075,191.0
1075,CUZ01076,0.0
1076,CUZ01077,176.0
1077,CUZ01078,0.0
1078,CUZ01079,0.0
1079,CUZ01080,0.0
1080,CUZ01081,217.0
1081,CUZ01082,0.0
1082,CUZ01083,0.0
1083,CUZ01084,129.0
1084,CUZ01085,0.0
1085,CUZ01086,0.0
1086,CUZ01087,0.0
1087,CUZ01088,0.0
1088,CUZ01089,0.0
1089,CUZ01090,0.0
1090,CUZ01091,0.0
1091,CUZ01092,216.0
1092,CUZ01093,0.0
1093,CUZ01094,0.0
1094,CUZ01095,0.0
1095,CUZ01096,0.0
1096,CUZ01097,0.0
1097,CUZ01098,3.0
1098,CUZ01099,224.0
1099,CUZ01100,0.0
1100,CUZ01101,0.0
1101,CUZ01102,0.0
1102,CUZ01103,181.0
1103,CUZ01104,101.0
1104,CUZ01105,0.0
1105,CUZ01106,0.0
1106,CUZ01107,0.0
1107,CUZ01108,0.0
1108,CUZ01109,215.0
1109,CUZ01110,238.0
1110,CUZ01111,0.0
1111,CUZ01112,0.0
1112,CUZ01113,0.0
1113,CUZ01114,66.0
1114,CUZ01115,0.0
1115,CUZ01116,0.0
1116,CUZ01117,0.0
1117,CUZ01118,0.0
1118,CUZ01119,0.0
1119,CUZ01120,227.0
1120,CUZ01121,0.0
1121,CUZ01122,0.0
1122,CUZ01123,0.0
1123,CUZ01124,0.0
1124,CUZ01125,0.0
1125,CUZ01126,0.0
1126,CUZ01127,0.0
1127,CUZ01128,0.0
1128,CUZ01129,0.0
1129,CUZ01130,0.0
1130,CUZ01131,0.0
1131,CUZ01132,0.0
1132,CUZ01133,0.0
1133,CUZ01134,91.0
1134,CUZ01135,0.0
1135,CUZ01136,0.0
1136,CUZ01137,0.0
1137,CUZ01138,0.0
1138,CUZ01139,0.0
1139,CUZ01140,0.0
1140,CUZ01141,0.0
1141,CUZ01142,179.0
1142,CUZ01143,0.0
1143,CUZ01144,0.0
1144,CUZ01145,0.0
1145,CUZ01146,88.0
1146,CUZ01147,0.0
1147,CUZ01148,0.0
1148,CUZ01149,84.0
1149,CUZ01150,0.0
1150,CUZ01151,0.0
1151,CUZ01152,0.0
1152,CUZ01153,0.0
1153,CUZ01154,210.0
1154,CUZ01155,0.0
1155,CUZ01156,0.0
1156,CUZ01157,72.0
1157,CUZ01158,0.0
1158,CUZ01159,0.0
1159,CUZ01160,0.0
1160,CUZ01161,0.0
1161,CUZ01162,0.0
1162,CUZ01163,0.0
1163,CUZ01164,0.0
1164,CUZ01165,0.0
1165,CUZ01166,0.0
1166,CUZ01167,0.0
1167,CUZ01168,0.0
1168,CUZ01169,0.0
1169,CUZ01170,0.0
1170,CUZ01171,0.0
1171,CUZ01172,0.0
1172,CUZ01173,179.0
1173,CUZ01174,94.0
1174,CUZ01175,0.0
1175,CUZ01176,0.0
1176,CUZ01177,0.0
1177,CUZ01178,0.0
1178,CUZ01179,0.0
1179,CUZ01180,0.0
1180,CUZ01181,110.0
1181,CUZ01182,219.0
1182,CUZ01183,0.0
1183,CUZ01184,200.0
1184,CUZ01185,0.0
1185,CUZ01186,177.0
1186,CUZ01187,0.0
1187,CUZ01188,0.0
1188,CUZ01189,64.0
1189,CUZ01190,0.0
1190,CUZ01191,24.0
1191,CUZ01192,212.0
1192,CUZ01193,198.0
1193,CUZ01194,0.0
1194,CUZ01195,0.0
1195,CUZ01196,0.0
1196,CUZ01197,129.0
1197,CUZ01198,182.0
1198,CUZ01199,0.0
1199,CUZ01200,0.0
1200,CUZ01201,0.0
1201,CUZ01202,67.0
1202,CUZ01203,0.0
1203,CUZ01204,0.0
1204,CUZ01205,56.0
1205,CUZ01206,0.0
1206,CUZ01207,0.0
1207,CUZ01208,0.0
1208,CUZ01209,116.0
1209,CUZ01210,0.0
1210,CUZ01211,0.0
1211,CUZ01212,0.0
1212,CUZ01213,0.0
1213,CUZ01214,0.0
1214,CUZ01215,0.0
1215,CUZ01216,0.0
1216,CUZ01217,0.0
1217,CUZ01218,0.0
1218,CUZ01219,0.0
1219,CUZ01220,0.0
1220,CUZ01221,0.0
1221,CUZ01222,0.0
1222,CUZ01223,0.0
1223,CUZ01224,36.0
1224,CUZ01225,0.0
1225,CUZ01226,140.0
1226,CUZ01227,0.0
1227,CUZ01228,0.0
1228,CUZ01229,0.0
1229,CUZ01230,0.0
1230,CUZ01231,181.0
1231,CUZ01232,25.0
1232,CUZ01233,0.0
1233,CUZ01234,0.0
1234,CUZ01235,0.0
1235,CUZ01236,0.0
1236,CUZ01237,0.0
1237,CUZ01238,0.0
1238,CUZ01239,180.0
1239,CUZ01240,0.0
1240,CUZ01241,0.0
1241,CUZ01242,0.0
1242,CUZ01243,0.0
1243,CUZ01244,0.0
1244,CUZ01245,156.0
1245,CUZ01246,151.0
1246,CUZ01247,0.0
1247,CUZ01248,0.0
1248,CUZ01249,0.0
1249,CUZ01250,216.0
1250,CUZ01251,0.0
1251,CUZ01252,0.0
1252,CUZ01253,198.0
1253,CUZ01254,0.0
1254,CUZ01255,0.0
1255,CUZ01256,0.0
1256,CUZ01257,0.0
1257,CUZ01258,0.0
1258,CUZ01259,0.0
1259,CUZ01260,0.0
1260,CUZ01261,0.0
1261,CUZ01262,0.0
1262,CUZ01263,0.0
1263,CUZ01264,130.0
1264,CUZ01265,95.0
1265,CUZ01266,0.0
1266,CUZ01267,0.0
1267,CUZ01268,0.0
1268,CUZ01269,0.0
1269,CUZ01270,0.0
1270,CUZ01271,0.0
1271,CUZ01272,0.0
1272,CUZ01273,0.0
1273,CUZ01274,0.0
1274,CUZ01275,0.0
1275,CUZ01276,0.0
1276,CUZ01277,0.0
1277,CUZ01278,0.0
1278,CUZ01279,91.0
1279,CUZ01280,0.0
1280,CUZ01281,91.0
1281,CUZ01282,0.0
1282,CUZ01283,0.0
1283,CUZ01284,0.0
1284,CUZ01285,54.0
1285,CUZ01286,0.0
1286,CUZ01287,61.0
1287,CUZ01288,0.0
1288,CUZ01289,0.0
1289,CUZ01290,212.0
1290,CUZ01291,0.0
1291,CUZ01292,59.0
1292,CUZ01293,0.0
1293,CUZ01294,0.0
1294,CUZ01295,0.0
1295,CUZ01296,0.0
1296,CUZ01297,144.0
1297,CUZ01298,178.0
1298,CUZ01299,0.0
1299,CUZ01300,217.0
1300,CUZ01301,136.0
1301,CUZ01302,0.0
1302,CUZ01303,0.0
1303,CUZ01304,0.0
1304,CUZ01305,0.0
1305,CUZ01306,0.0
1306,CUZ01307,0.0
1307,CUZ01308,0.0
1308,CUZ01309,52.0
1309,CUZ01310,0.0
1310,CUZ01311,0.0
1311,CUZ01312,0.0
1312,CUZ01313,0.0
1313,CUZ01314,0.0
1314,CUZ01315,0.0
1315,CUZ01316,0.0
1316,CUZ01317,0.0
1317,CUZ01318,0.0
1318,CUZ01319,0.0
1319,CUZ01320,0.0
1320,CUZ01321,0.0
1321,CUZ01322,106.0
1322,CUZ01323,219.0
1323,CUZ01324,0.0
1324,CUZ01325,0.0
1325,CUZ01326,0.0
1326,CUZ01327,0.0
1327,CUZ01328,0.0
1328,CUZ01329,0.0
1329,CUZ01330,0.0
1330,CUZ01331,0.0
1331,CUZ01332,22.0
1332,CUZ01333,0.0
1333,CUZ01334,0.0
1334,CUZ01335,0.0
1335,CUZ01336,0.0
1336,CUZ01337,11.0
1337,CUZ01338,0.0
1338,CUZ01339,0.0
1339,CUZ01340,0.0
1340,CUZ01341,0.0
1341,CUZ01342,0.0
1342,CUZ01343,0.0
1343,CUZ01344,177.0
1344,CUZ01345,0.0
1345,CUZ01346,0.0
1346,CUZ01347,0.0
1347,CUZ01348,118.0
1348,CUZ01349,0.0
1349,CUZ01350,0.0
1350,CUZ01351,0.0
1351,CUZ01352,0.0
1352,CUZ01353,0.0
1353,CUZ01354,0.0
1354,CUZ01355,0.0
1355,CUZ01356,0.0
1356,CUZ01357,0.0
1357,CUZ01358,0.0
1358,CUZ01359,125.0
1359,CUZ01360,0.0
1360,CUZ01361,0.0
1361,CUZ01362,0.0
1362,CUZ01363,0.0
1363,CUZ01364,0.0
1364,CUZ01365,0.0
1365,CUZ01366,0.0
1366,CUZ01367,0.0
1367,CUZ01368,0.0
1368,CUZ01369,0.0
1369,CUZ01370,0.0
1370,CUZ01371,0.0
1371,CUZ01372,0.0
1372,CUZ01373,162.0
1373,CUZ01374,0.0
1374,CUZ01375,0.0
1375,CUZ01376,0.0
1376,CUZ01377,0.0
1377,CUZ01378,0.0
1378,CUZ01379,0.0
1379,CUZ01380,0.0
1380,CUZ01381,169.0
1381,CUZ01382,0.0
1382,CUZ01383,0.0
1383,CUZ01384,0.0
1384,CUZ01385,203.0
1385,CUZ01386,0.0
1386,CUZ01387,0.0
1387,CUZ01388,0.0
1388,CUZ01389,0.0
1389,CUZ01390,30.0
1390,CUZ01391,0.0
1391,CUZ01392,0.0
1392,CUZ01393,0.0
1393,CUZ01394,0.0
1394,CUZ01395,140.0
1395,CUZ01396,0.0
1396,CUZ01397,0.0
1397,CUZ01398,0.0
1398,CUZ01399,0.0
1399,CUZ01400,0.0
1400,CUZ01401,0.0
1401,CUZ01402,0.0
1402,CUZ01403,0.0
1403,CUZ01404,162.0
1404,CUZ01405,69.0
1405,CUZ01406,65.0
1406,CUZ01407,0.0
1407,CUZ01408,0.0
1408,CUZ01409,0.0
1409,CUZ01410,0.0
1410,CUZ01411,0.0
1411,CUZ01412,0.0
1412,CUZ01413,0.0
1413,CUZ01414,204.0
1414,CUZ01415,211.0
1415,CUZ01416,171.0
1416,CUZ01417,0.0
1417,CUZ01418,0.0
1418,CUZ01419,0.0
1419,CUZ01420,0.0
1420,CUZ01421,0.0
1421,CUZ01422,0.0
1422,CUZ01423,0.0
1423,CUZ01424,0.0
1424,CUZ01425,134.0
1425,CUZ01426,0.0
1426,CUZ01427,0.0
1427,CUZ01428,0.0
1428,CUZ01429,0.0
1429,CUZ01430,207.0
1430,CUZ01431,0.0
1431,CUZ01432,0.0
1432,CUZ01433,110.0
1433,CUZ01434,145.0
1434,CUZ01435,203.0
1435,CUZ01436,0.0
1436,CUZ01437,0.0
1437,CUZ01438,0.0
1438,CUZ01439,0.0
1439,CUZ01440,190.0
1440,CUZ01441,151.0
1441,CUZ01442,0.0
1442,CUZ01443,0.0
1443,CUZ01444,0.0
1444,CUZ01445,0.0
1445,CUZ01446,0.0
1446,CUZ01447,54.0
1447,CUZ01448,0.0
1448,CUZ01449,0.0
1449,CUZ01450,0.0
1450,CUZ01451,0.0
1451,CUZ01452,0.0
1452,CUZ01453,0.0
1453,CUZ01454,0.0
1454,CUZ01455,0.0
1455,CUZ01456,0.0
1456,CUZ01457,0.0
1457,CUZ01458,0.0
1458,CUZ01459,195.0
1459,CUZ01460,0.0
1460,CUZ01461,0.0
1461,CUZ01462,0.0
1462,CUZ01463,187.0
1463,CUZ01464,0.0
1464,CUZ01465,205.0
1465,CUZ01466,0.0
1466,CUZ01467,0.0
1467,CUZ01468,0.0
1468,CUZ01469,0.0
1469,CUZ01470,0.0
1470,CUZ01471,105.0
1471,CUZ01472,95.0
1472,CUZ01473,0.0
1473,CUZ01474,0.0
1474,CUZ01475,0.0
1475,CUZ01476,0.0
1476,CUZ01477,206.0
1477,CUZ01478,0.0
1478,CUZ01479,0.0
1479,CUZ01480,0.0
1480,CUZ01481,0.0
1481,CUZ01482,204.0
1482,CUZ01483,0.0
1483,CUZ01484,0.0
1484,CUZ01485,0.0
1485,CUZ01486,0.0
1486,CUZ01487,0.0
1487,CUZ01488,0.0
1488,CUZ01489,0.0
1489,CUZ01490,0.0
1490,CUZ01491,0.0
1491,CUZ01492,0.0
1492,CUZ01493,0.0
1493,CUZ01494,0.0
1494,CUZ01495,0.0
1495,CUZ01496,26.0
1496,CUZ01497,0.0
1497,CUZ01498,0.0
1498,CUZ01499,0.0
1499,CUZ01500,0.0
1500,CUZ01501,52.0
1501,CUZ01502,0.0
1502,CUZ01503,172.0
1503,CUZ01504,0.0
1504,CUZ01505,194.0
1505,CUZ01506,0.0
1506,CUZ01507,0.0
1507,CUZ01508,0.0
1508,CUZ01509,0.0
1509,CUZ01510,0.0
1510,CUZ01511,0.0
1511,CUZ01512,163.0
1512,CUZ01513,0.0
1513,CUZ01514,0.0
1514,CUZ01515,0.0
1515,CUZ01516,0.0
1516,CUZ01517,147.0
1517,CUZ01518,130.0
1518,CUZ01519,0.0
1519,CUZ01520,0.0
1520,CUZ01521,200.0
1521,CUZ01522,0.0
1522,CUZ01523,0.0
1523,CUZ01524,0.0
1524,CUZ01525,201.0
1525,CUZ01526,0.0
1526,CUZ01527,0.0
1527,CUZ01528,0.0
1528,CUZ01529,0.0
1529,CUZ01530,0.0
1530,CUZ01531,0.0
1531,CUZ01532,188.0
1532,CUZ01533,0.0
1533,CUZ01534,0.0
1534,CUZ01535,35.0
1535,CUZ01536,0.0
1536,CUZ01537,0.0
1537,CUZ01538,0.0
1538,CUZ01539,0.0
1539,CUZ01540,41.0
1540,CUZ01541,0.0
1541,CUZ01542,0.0
1542,CUZ01543,0.0
1543,CUZ01544,0.0
1544,CUZ01545,0.0
1545,CUZ01546,0.0
1546,CUZ01547,0.0
1547,CUZ01548,0.0
1548,CUZ01549,120.0
1549,CUZ01550,0.0
1550,CUZ01551,0.0
1551,CUZ01552,0.0
1552,CUZ01553,0.0
1553,CUZ01554,0.0
1554,CUZ01555,0.0
1555,CUZ01556,0.0
1556,CUZ01557,0.0
1557,CUZ01558,178.0
1558,CUZ01559,0.0
1559,CUZ01560,0.0
1560,CUZ01561,0.0
1561,CUZ01562,0.0
1562,CUZ01563,0.0
1563,CUZ01564,0.0
1564,CUZ01565,0.0
1565,CUZ01566,181.0
1566,CUZ01567,80.0
1567,CUZ01568,0.0
1568,CUZ01569,0.0
1569,CUZ01570,0.0
1570,CUZ01571,0.0
1571,CUZ01572,0.0
1572,CUZ01573,62.0
1573,CUZ01574,65.0
1574,CUZ01575,0.0
1575,CUZ01576,0.0
1576,CUZ01577,0.0
1577,CUZ01578,0.0
1578,CUZ01579,0.0
1579,CUZ01580,19.0
1580,CUZ01581,0.0
1581,CUZ01582,0.0
1582,CUZ01583,0.0
1583,CUZ01584,0.0
1584,CUZ01585,0.0
1585,CUZ01586,0.0
1586,CUZ01587,0.0
1587,CUZ01588,0.0
1588,CUZ01589,0.0
1589,CUZ01590,0.0
1590,CUZ01591,122.0
1591,CUZ01592,0.0
1592,CUZ01593,171.0
1593,CUZ01594,0.0
1594,CUZ01595,0.0
1595,CUZ01596,0.0
1596,CUZ01597,0.0
1597,CUZ01598,0.0
1598,CUZ01599,0.0
1599,CUZ01600,0.0
1600,CUZ01601,0.0
1601,CUZ01602,0.0
1602,CUZ01603,0.0
1603,CUZ01604,0.0
1604,CUZ01605,0.0
1605,CUZ01606,0.0
1606,CUZ01607,0.0
1607,CUZ01608,0.0
1608,CUZ01609,0.0
1609,CUZ01610,0.0
1610,CUZ01611,27.0
1611,CUZ01612,0.0
1612,CUZ01613,0.0
1613,CUZ01614,171.0
1614,CUZ01615,0.0
1615,CUZ01616,0.0
1616,CUZ01617,0.0
1617,CUZ01618,173.0
1618,CUZ01619,0.0
1619,CUZ01620,0.0
1620,CUZ01621,0.0
1621,CUZ01622,23.0
1622,CUZ01623,0.0
1623,CUZ01624,0.0
1624,CUZ01625,0.0
1625,CUZ01626,0.0
1626,CUZ01627,0.0
1627,CUZ01628,72.0
1628,CUZ01629,0.0
1629,CUZ01630,0.0
1630,CUZ01631,0.0
1631,CUZ01632,0.0
1632,CUZ01633,0.0
1633,CUZ01634,0.0
1634,CUZ01635,0.0
1635,CUZ01636,0.0
1636,CUZ01637,0.0
1637,CUZ01638,0.0
1638,CUZ01639,0.0
1639,CUZ01640,0.0
1640,CUZ01641,0.0
1641,CUZ01642,0.0
1642,CUZ01643,103.0
1643,CUZ01644,0.0
1644,CUZ01645,0.0
1645,CUZ01646,0.0
1646,CUZ01647,0.0
1647,CUZ01648,0.0
1648,CUZ01649,0.0
1649,CUZ01650,0.0
1650,CUZ01651,0.0
1651,CUZ01652,0.0
1652,CUZ01653,0.0
1653,CUZ01654,0.0
1654,CUZ01655,148.0
1655,CUZ01656,0.0
1656,CUZ01657,0.0
1657,CUZ01658,0.0
1658,CUZ01659,0.0
1659,CUZ01660,14.0
1660,CUZ01661,0.0
1661,CUZ01662,0.0
1662,CUZ01663,0.0
1663,CUZ01664,0.0
1664,CUZ01665,0.0
1665,CUZ01666,0.0
1666,CUZ01667,0.0
1667,CUZ01668,0.0
1668,CUZ01669,163.0
1669,CUZ01670,0.0
1670,CUZ01671,0.0
1671,CUZ01672,0.0
1672,CUZ01673,0.0
1673,CUZ01674,0.0
1674,CUZ01675,0.0
1675,CUZ01676,0.0
1676,CUZ01677,0.0
1677,CUZ01678,0.0
1678,CUZ01679,0.0
1679,CUZ01680,0.0
1680,CUZ01681,0.0
1681,CUZ01682,0.0
1682,CUZ01683,20.0
1683,CUZ01684,0.0
1684,CUZ01685,97.0
1685,CUZ01686,0.0
1686,CUZ01687,0.0
1687,CUZ01688,0.0
1688,CUZ01689,0.0
1689,CUZ01690,0.0
1690,CUZ01691,0.0
1691,CUZ01692,0.0
1692,CUZ01693,104.0
1693,CUZ01694,0.0
1694,CUZ01695,143.0
1695,CUZ01696,0.0
1696,CUZ01697,0.0
1697,CUZ01698,0.0
1698,CUZ01699,0.0
1699,CUZ01700,0.0
1700,CUZ01701,146.0
1701,CUZ01702,0.0
1702,CUZ01703,0.0
1703,CUZ01704,41.0
1704,CUZ01705,0.0
1705,CUZ01706,0.0
1706,CUZ01707,16.0
1707,CUZ01708,166.0
1708,CUZ01709,0.0
1709,CUZ01710,38.0
1710,CUZ01711,0.0
1711,CUZ01712,0.0
1712,CUZ01713,0.0
1713,CUZ01714,0.0
1714,CUZ01715,0.0
1715,CUZ01716,0.0
1716,CUZ01717,0.0
1717,CUZ01718,54.0
1718,CUZ01719,0.0
1719,CUZ01720,43.0
1720,CUZ01721,0.0
1721,CUZ01722,0.0
1722,CUZ01723,104.0
1723,CUZ01724,0.0
1724,CUZ01725,3.0
1725,CUZ01726,0.0
1726,CUZ01727,0.0
1727,CUZ01728,128.0
1728,CUZ01729,0.0
1729,CUZ01730,0.0
1730,CUZ01731,0.0
1731,CUZ01732,0.0
1732,CUZ01733,0.0
1733,CUZ01734,0.0
1734,CUZ01735,0.0
1735,CUZ01736,0.0
1736,CUZ01737,0.0
1737,CUZ01738,0.0
1738,CUZ01739,0.0
1739,CUZ01740,55.0
1740,CUZ01741,98.0
1741,CUZ01742,0.0
1742,CUZ01743,0.0
1743,CUZ01744,81.0
1744,CUZ01745,0.0
1745,CUZ01746,81.0
1746,CUZ01747,124.0
1747,CUZ01748,0.0
1748,CUZ01749,95.0
1749,CUZ01750,0.0
1750,CUZ01751,0.0
1751,CUZ01752,180.0
1752,CUZ01753,0.0
1753,CUZ01754,159.0
1754,CUZ01755,0.0
1755,CUZ01756,0.0
1756,CUZ01757,0.0
1757,CUZ01758,0.0
1758,CUZ01759,0.0
1759,CUZ01760,0.0
1760,CUZ01761,0.0
1761,CUZ01762,49.0
1762,CUZ01763,0.0
1763,CUZ01764,0.0
1764,CUZ01765,0.0
1765,CUZ01766,0.0
1766,CUZ01767,0.0
1767,CUZ01768,0.0
1768,CUZ01769,50.0
1769,CUZ01770,0.0
1770,CUZ01771,0.0
1771,CUZ01772,0.0
1772,CUZ01773,0.0
1773,CUZ01774,0.0
1774,CUZ01775,0.0
1775,CUZ01776,0.0
1776,CUZ01777,0.0
1777,CUZ01778,0.0
1778,CUZ01779,0.0
1779,CUZ01780,0.0
1780,CUZ01781,0.0
1781,CUZ01782,0.0
1782,CUZ01783,94.0
1783,CUZ01784,0.0
1784,CUZ01785,0.0
1785,CUZ01786,0.0
1786,CUZ01787,0.0
1787,CUZ01788,0.0
1788,CUZ01789,0.0
1789,CUZ01790,0.0
1790,CUZ01791,0.0
1791,CUZ01792,91.0
1792,CUZ01793,0.0
1793,CUZ01794,0.0
1794,CUZ01795,49.0
1795,CUZ01796,48.0
1796,CUZ01797,121.0
1797,CUZ01798,0.0
1798,CUZ01799,0.0
1799,CUZ01800,0.0
1800,CUZ01801,0.0
1801,CUZ01802,0.0
1802,CUZ01803,0.0
1803,CUZ01804,0.0
1804,CUZ01805,0.0
1805,CUZ01806,0.0
1806,CUZ01807,0.0
1807,CUZ01808,0.0
1808,CUZ01809,0.0
1809,CUZ01810,0.0
1810,CUZ01811,0.0
1811,CUZ01812,88.0
1812,CUZ01813,122.0
1813,CUZ01814,0.0
1814,CUZ01815,0.0
1815,CUZ01816,0.0
1816,CUZ01817,0.0
1817,CUZ01818,76.0
1818,CUZ01819,0.0
1819,CUZ01820,0.0
1820,CUZ01821,0.0
1821,CUZ01822,0.0
1822,CUZ01823,0.0
1823,CUZ01824,0.0
1824,CUZ01825,0.0
1825,CUZ01826,0.0
1826,CUZ01827,0.0
1827,CUZ01828,0.0
1828,CUZ01829,82.0
1829,CUZ01830,0.0
1830,CUZ01831,0.0
1831,CUZ01832,0.0
1832,CUZ01833,133.0
1833,CUZ01834,0.0
1834,CUZ01835,0.0
1835,CUZ01836,0.0
1836,CUZ01837,0.0
1837,CUZ01838,0.0
1838,CUZ01839,0.0
1839,CUZ01840,0.0
1840,CUZ01841,0.0
1841,CUZ01842,0.0
1842,CUZ01843,0.0
1843,CUZ01844,0.0
1844,CUZ01845,0.0
1845,CUZ01846,0.0
1846,CUZ01847,0.0
1847,CUZ01848,148.0
1848,CUZ01849,0.0
1849,CUZ01850,0.0
1850,CUZ01851,96.0
1851,CUZ01852,0.0
1852,CUZ01853,168.0
1853,CUZ01854,0.0
1854,CUZ01855,0.0
1855,CUZ01856,0.0
1856,CUZ01857,58.0
1857,CUZ01858,0.0
1858,CUZ01859,0.0
1859,CUZ01860,0.0
1860,CUZ01861,0.0
1861,CUZ01862,0.0
1862,CUZ01863,0.0
1863,CUZ01864,0.0
1864,CUZ01865,96.0
1865,CUZ01866,68.0
1866,CUZ01867,0.0
1867,CUZ01868,0.0
1868,CUZ01869,0.0
1869,CUZ01870,0.0
1870,CUZ01871,0.0
1871,CUZ01872,113.0
1872,CUZ01873,0.0
1873,CUZ01874,0.0
1874,CUZ01875,165.0
1875,CUZ01876,0.0
1876,CUZ01877,142.0
1877,CUZ01878,138.0
1878,CUZ01879,0.0
1879,CUZ01880,0.0
1880,CUZ01881,0.0
1881,CUZ01882,158.0
1882,CUZ01883,0.0
1883,CUZ01884,0.0
1884,CUZ01885,0.0
1885,CUZ01886,0.0
1886,CUZ01887,165.0
1887,CUZ01888,0.0
1888,CUZ01889,0.0
1889,CUZ01890,0.0
1890,CUZ01891,0.0
1891,CUZ01892,0.0
1892,CUZ01893,0.0
1893,CUZ01894,0.0
1894,CUZ01895,0.0
1895,CUZ01896,0.0
1896,CUZ01897,0.0
1897,CUZ01898,0.0
1898,CUZ01899,0.0
1899,CUZ01900,148.0
1900,CUZ01901,0.0
1901,CUZ01902,132.0
1902,CUZ01903,0.0
1903,CUZ01904,0.0
1904,CUZ01905,0.0
1905,CUZ01906,0.0
1906,CUZ01907,0.0
1907,CUZ01908,0.0
1908,CUZ01909,0.0
1909,CUZ01910,0.0
1910,CUZ01911,118.0
1911,CUZ01912,0.0
1912,CUZ01913,0.0
1913,CUZ01914,0.0
1914,CUZ01915,0.0
1915,CUZ01916,0.0
1916,CUZ01917,0.0
1917,CUZ01918,0.0
1918,CUZ01919,0.0
1919,CUZ01920,0.0
1920,CUZ01921,0.0
1921,CUZ01922,0.0
1922,CUZ01923,0.0
1923,CUZ01924,36.0
1924,CUZ01925,0.0
1925,CUZ01926,0.0
1926,CUZ01927,0.0
1927,CUZ01928,0.0
1928,CUZ01929,0.0
1929,CUZ01930,113.0
1930,CUZ01931,0.0
1931,CUZ01932,0.0
1932,CUZ01933,0.0
1933,CUZ01934,0.0
1934,CUZ01935,0.0
1935,CUZ01936,0.0
1936,CUZ01937,132.0
1937,CUZ01938,0.0
1938,CUZ01939,0.0
1939,CUZ01940,130.0
1940,CUZ01941,0.0
1941,CUZ01942,0.0
1942,CUZ01943,0.0
1943,CUZ01944,0.0
1944,CUZ01945,112.0
1945,CUZ01946,0.0
1946,CUZ01947,0.0
1947,CUZ01948,0.0
1948,CUZ01949,0.0
1949,CUZ01950,110.0
1950,CUZ01951,99.0
1951,CUZ01952,0.0
1952,CUZ01953,0.0
1953,CUZ01954,0.0
1954,CUZ01955,80.0
1955,CUZ01956,0.0
1956,CUZ01957,0.0
1957,CUZ01958,0.0
1958,CUZ01959,0.0
1959,CUZ01960,0.0
1960,CUZ01961,0.0
1961,CUZ01962,26.0
1962,CUZ01963,0.0
1963,CUZ01964,0.0
1964,CUZ01965,0.0
1965,CUZ01966,0.0
1966,CUZ01967,131.0
1967,CUZ01968,0.0
1968,CUZ01969,0.0
1969,CUZ01970,155.0
1970,CUZ01971,0.0
1971,CUZ01972,0.0
1972,CUZ01973,0.0
1973,CUZ01974,121.0
1974,CUZ01975,68.0
1975,CUZ01976,124.0
1976,CUZ01977,0.0
1977,CUZ01978,0.0
1978,CUZ01979,0.0
1979,CUZ01980,0.0
1980,CUZ01981,0.0
1981,CUZ01982,0.0
1982,CUZ01983,127.0
1983,CUZ01984,0.0
1984,CUZ01985,0.0
1985,CUZ01986,0.0
1986,CUZ01987,0.0
1987,CUZ01988,40.0
1988,CUZ01989,0.0
1989,CUZ01990,80.0
1990,CUZ01991,0.0
1991,CUZ01992,61.0
1992,CUZ01993,56.0
1993,CUZ01994,0.0
1994,CUZ01995,0.0
1995,CUZ01996,0.0
1996,CUZ01997,0.0
1997,CUZ01998,0.0
1998,CUZ01999,0.0
1999,CUZ02000,0.0
2000,CUZ02001,0.0
2001,CUZ02002,0.0
2002,CUZ02003,0.0
2003,CUZ02004,0.0
2004,CUZ02005,0.0
2005,CUZ02006,0.0
2006,CUZ02007,89.0
2007,CUZ02008,0.0
2008,CUZ02009,0.0
2009,CUZ02010,21.0
2010,CUZ02011,0.0
2011,CUZ02012,0.0
2012,CUZ02013,0.0
2013,CUZ02014,0.0
2014,CUZ02015,0.0
2015,CUZ02016,0.0
2016,CUZ02017,0.0
2017,CUZ02018,0.0
2018,CUZ02019,0.0
2019,CUZ02020,52.0
2020,CUZ02021,0.0
2021,CUZ02022,0.0
2022,CUZ02023,0.0
2023,CUZ02024,0.0
2024,CUZ02025,6.0
2025,CUZ02026,0.0
2026,CUZ02027,0.0
2027,CUZ02028,0.0
2028,CUZ02029,0.0
2029,CUZ02030,101.0
2030,CUZ02031,96.0
2031,CUZ02032,0.0
2032,CUZ02033,0.0
2033,CUZ02034,0.0
2034,CUZ02035,0.0
2035,CUZ02036,0.0
2036,CUZ02037,0.0
2037,CUZ02038,0.0
2038,CUZ02039,0.0
2039,CUZ02040,18.0
2040,CUZ02041,0.0
2041,CUZ02042,0.0
2042,CUZ02043,53.0
2043,CUZ02044,141.0
2044,CUZ02045,0.0
2045,CUZ02046,0.0
2046,CUZ02047,0.0
2047,CUZ02048,0.0
2048,CUZ02049,142.0
2049,CUZ02050,0.0
2050,CUZ02051,0.0
2051,CUZ02052,0.0
2052,CUZ02053,47.0
2053,CUZ02054,0.0
2054,CUZ02055,0.0
2055,CUZ02056,0.0
2056,CUZ02057,0.0
2057,CUZ02058,0.0
2058,CUZ02059,0.0
2059,CUZ02060,109.0
2060,CUZ02061,0.0
2061,CUZ02062,0.0
2062,CUZ02063,0.0
2063,CUZ02064,0.0
2064,CUZ02065,0.0
2065,CUZ02066,0.0
2066,CUZ02067,0.0
2067,CUZ02068,22.0
2068,CUZ02069,0.0
2069,CUZ02070,0.0
2070,CUZ02071,0.0
2071,CUZ02072,0.0
2072,CUZ02073,0.0
2073,CUZ02074,0.0
2074,CUZ02075,0.0
2075,CUZ02076,0.0
2076,CUZ02077,0.0
2077,CUZ02078,0.0
2078,CUZ02079,0.0
2079,CUZ02080,0.0
2080,CUZ02081,0.0
2081,CUZ02082,0.0
2082,CUZ02083,0.0
2083,CUZ02084,0.0
2084,CUZ02085,0.0
2085,CUZ02086,0.0
2086,CUZ02087,0.0
2087,CUZ02088,0.0
2088,CUZ02089,65.0
2089,CUZ02090,0.0
2090,CUZ02091,108.0
2091,CUZ02092,96.0
2092,CUZ02093,0.0
2093,CUZ02094,0.0
2094,CUZ02095,0.0
2095,CUZ02096,0.0
2096,CUZ02097,0.0
2097,CUZ02098,0.0
2098,CUZ02099,0.0
2099,CUZ02100,0.0
2100,CUZ02101,150.0
2101,CUZ02102,0.0
2102,CUZ02103,82.0
2103,CUZ02104,0.0
2104,CUZ02105,76.0
2105,CUZ02106,0.0
2106,CUZ02107,0.0
2107,CUZ02108,0.0
2108,CUZ02109,0.0
2109,CUZ02110,115.0
2110,CUZ02111,0.0
2111,CUZ02112,0.0
2112,CUZ02113,0.0
2113,CUZ02114,0.0
2114,CUZ02115,133.0
2115,CUZ02116,125.0
2116,CUZ02117,0.0
2117,CUZ02118,40.0
2118,CUZ02119,0.0
2119,CUZ02120,142.0
2120,CUZ02121,0.0
2121,CUZ02122,0.0
2122,CUZ02123,0.0
2123,CUZ02124,0.0
2124,CUZ02125,0.0
2125,CUZ02126,0.0
2126,CUZ02127,0.0
2127,CUZ02128,121.0
2128,CUZ02129,0.0
2129,CUZ02130,124.0
2130,CUZ02131,0.0
2131,CUZ02132,0.0
2132,CUZ02133,0.0
2133,CUZ02134,0.0
2134,CUZ02135,130.0
2135,CUZ02136,0.0
2136,CUZ02137,0.0
2137,CUZ02138,43.0
2138,CUZ02139,0.0
2139,CUZ02140,100.0
2140,CUZ02141,0.0
2141,CUZ02142,0.0
2142,CUZ02143,0.0
2143,CUZ02144,0.0
2144,CUZ02145,0.0
2145,CUZ02146,0.0
2146,CUZ02147,0.0
2147,CUZ02148,0.0
2148,CUZ02149,0.0
2149,CUZ02150,0.0
2150,CUZ02151,0.0
2151,CUZ02152,76.0
2152,CUZ02153,0.0
2153,CUZ02154,0.0
2154,CUZ02155,0.0
2155,CUZ02156,0.0
2156,CUZ02157,0.0
2157,CUZ02158,0.0
2158,CUZ02159,0.0
2159,CUZ02160,0.0
2160,CUZ02161,0.0
2161,CUZ02162,0.0
2162,CUZ02163,0.0
2163,CUZ02164,0.0
2164,CUZ02165,0.0
2165,CUZ02166,0.0
2166,CUZ02167,0.0
2167,CUZ02168,0.0
2168,CUZ02169,0.0
2169,CUZ02170,0.0
2170,CUZ02171,0.0
2171,CUZ02172,0.0
2172,CUZ02173,0.0
2173,CUZ02174,0.0
2174,CUZ02175,0.0
2175,CUZ02176,0.0
2176,CUZ02177,0.0
2177,CUZ02178,0.0
2178,CUZ02179,0.0
2179,CUZ02180,0.0
2180,CUZ02181,135.0
2181,CUZ02182,0.0
2182,CUZ02183,0.0
2183,CUZ02184,0.0
2184,CUZ02185,0.0
2185,CUZ02186,126.0
2186,CUZ02187,0.0
2187,CUZ02188,0.0
2188,CUZ02189,105.0
2189,CUZ02190,0.0
2190,CUZ02191,0.0
2191,CUZ02192,0.0
2192,CUZ02193,0.0
2193,CUZ02194,0.0
2194,CUZ02195,0.0
2195,CUZ02196,0.0
2196,CUZ02197,0.0
2197,CUZ02198,0.0
2198,CUZ02199,65.0
2199,CUZ02200,41.0
2200,CUZ02201,39.0
2201,CUZ02202,0.0
2202,CUZ02203,0.0
2203,CUZ02204,140.0
2204,CUZ02205,0.0
2205,CUZ02206,0.0
2206,CUZ02207,0.0
2207,CUZ02208,0.0
2208,CUZ02209,0.0
2209,CUZ02210,0.0
2210,CUZ02211,0.0
2211,CUZ02212,0.0
2212,CUZ02213,0.0
2213,CUZ02214,41.0
2214,CUZ02215,0.0
2215,CUZ02216,131.0
2216,CUZ02217,0.0
2217,CUZ02218,112.0
2218,CUZ02219,0.0
2219,CUZ02220,0.0
2220,CUZ02221,125.0
2221,CUZ02222,0.0
2222,CUZ02223,0.0
2223,CUZ02224,0.0
2224,CUZ02225,0.0
2225,CUZ02226,0.0
2226,CUZ02227,0.0
2227,CUZ02228,0.0
2228,CUZ02229,0.0
2229,CUZ02230,0.0
2230,CUZ02231,0.0
2231,CUZ02232,0.0
2232,CUZ02233,26.0
2233,CUZ02234,0.0
2234,CUZ02235,0.0
2235,CUZ02236,0.0
2236,CUZ02237,0.0
2237,CUZ02238,0.0
2238,CUZ02239,0.0
2239,CUZ02240,0.0
2240,CUZ02241,0.0
2241,CUZ02242,0.0
2242,CUZ02243,0.0
2243,CUZ02244,0.0
2244,CUZ02245,0.0
2245,CUZ02246,0.0
2246,CUZ02247,0.0
2247,CUZ02248,0.0
2248,CUZ02249,0.0
2249,CUZ02250,0.0
2250,CUZ02251,0.0
2251,CUZ02252,0.0
2252,CUZ02253,0.0
2253,CUZ02254,129.0
2254,CUZ02255,132.0
2255,CUZ02256,0.0
2256,CUZ02257,0.0
2257,CUZ02258,0.0
2258,CUZ02259,0.0
2259,CUZ02260,0.0
2260,CUZ02261,0.0
2261,CUZ02262,0.0
2262,CUZ02263,0.0
2263,CUZ02264,0.0
2264,CUZ02265,0.0
2265,CUZ02266,18.0
2266,CUZ02267,0.0
2267,CUZ02268,32.0
2268,CUZ02269,0.0
2269,CUZ02270,0.0
2270,CUZ02271,0.0
2271,CUZ02272,0.0
2272,CUZ02273,0.0
2273,CUZ02274,0.0
2274,CUZ02275,0.0
2275,CUZ02276,0.0
2276,CUZ02277,0.0
2277,CUZ02278,0.0
2278,CUZ02279,0.0
2279,CUZ02280,0.0
2280,CUZ02281,93.0
2281,CUZ02282,0.0
2282,CUZ02283,0.0
2283,CUZ02284,0.0
2284,CUZ02285,111.0
2285,CUZ02286,0.0
2286,CUZ02287,0.0
2287,CUZ02288,0.0
2288,CUZ02289,0.0
2289,CUZ02290,0.0
2290,CUZ02291,0.0
2291,CUZ02292,0.0
2292,CUZ02293,0.0
2293,CUZ02294,0.0
2294,CUZ02295,0.0
2295,CUZ02296,0.0
2296,CUZ02297,0.0
2297,CUZ02298,0.0
2298,CUZ02299,0.0
2299,CUZ02300,0.0
2300,CUZ02301,0.0
2301,CUZ02302,0.0
2302,CUZ02303,0.0
2303,CUZ02304,0.0
2304,CUZ02305,0.0
2305,CUZ02306,0.0
2306,CUZ02307,0.0
2307,CUZ02308,0.0
2308,CUZ02309,0.0
2309,CUZ02310,0.0
2310,CUZ02311,0.0
2311,CUZ02312,0.0
2312,CUZ02313,0.0
2313,CUZ02314,0.0
2314,CUZ02315,0.0
2315,CUZ02316,0.0
2316,CUZ02317,0.0
2317,CUZ02318,0.0
2318,CUZ02319,0.0
2319,CUZ02320,0.0
2320,CUZ02321,72.0
2321,CUZ02322,91.0
2322,CUZ02323,0.0
2323,CUZ02324,0.0
2324,CUZ02325,0.0
2325,CUZ02326,95.0
2326,CUZ02327,0.0
2327,CUZ02328,0.0
2328,CUZ02329,0.0
2329,CUZ02330,0.0
2330,CUZ02331,0.0
2331,CUZ02332,0.0
2332,CUZ02333,79.0
2333,CUZ02334,0.0
2334,CUZ02335,0.0
2335,CUZ02336,0.0
2336,CUZ02337,0.0
2337,CUZ02338,0.0
2338,CUZ02339,0.0
2339,CUZ02340,0.0
2340,CUZ02341,0.0
2341,CUZ02342,0.0
2342,CUZ02343,0.0
2343,CUZ02344,0.0
2344,CUZ02345,0.0
2345,CUZ02346,67.0
2346,CUZ02347,0.0
2347,CUZ02348,0.0
2348,CUZ02349,0.0
2349,CUZ02350,0.0
2350,CUZ02351,49.0
2351,CUZ02352,0.0
2352,CUZ02353,0.0
2353,CUZ02354,0.0
2354,CUZ02355,51.0
2355,CUZ02356,95.0
2356,CUZ02357,0.0
2357,CUZ02358,0.0
2358,CUZ02359,0.0
2359,CUZ02360,0.0
2360,CUZ02361,0.0
2361,CUZ02362,0.0
2362,CUZ02363,0.0
2363,CUZ02364,64.0
2364,CUZ02365,89.0
2365,CUZ02366,0.0
2366,CUZ02367,0.0
2367,CUZ02368,0.0
2368,CUZ02369,0.0
2369,CUZ02370,0.0
2370,CUZ02371,0.0
2371,CUZ02372,0.0
2372,CUZ02373,0.0
2373,CUZ02374,0.0
2374,CUZ02375,0.0
2375,CUZ02376,0.0
2376,CUZ02377,69.0
2377,CUZ02378,0.0
2378,CUZ02379,0.0
2379,CUZ02380,0.0
2380,CUZ02381,0.0
2381,CUZ02382,0.0
2382,CUZ02383,0.0
2383,CUZ02384,0.0
2384,CUZ02385,0.0
2385,CUZ02386,0.0
2386,CUZ02387,0.0
2387,CUZ02388,0.0
2388,CUZ02389,0.0
2389,CUZ02390,0.0
2390,CUZ02391,0.0
2391,CUZ02392,0.0
2392,CUZ02393,0.0
2393,CUZ02394,0.0
2394,CUZ02395,0.0
2395,CUZ02396,0.0
2396,CUZ02397,0.0
2397,CUZ02398,0.0
2398,CUZ02399,0.0
2399,CUZ02400,0.0
2400,CUZ02401,0.0
2401,CUZ02402,0.0
2402,CUZ02403,0.0
2403,CUZ02404,0.0
2404,CUZ02405,75.0
2405,CUZ02406,0.0
2406,CUZ02407,0.0
2407,CUZ02408,0.0
2408,CUZ02409,0.0
2409,CUZ02410,0.0
2410,CUZ02411,72.0
2411,CUZ02412,0.0
2412,CUZ02413,0.0
2413,CUZ02414,0.0
2414,CUZ02415,0.0
2415,CUZ02416,0.0
2416,CUZ02417,0.0
2417,CUZ02418,0.0
2418,CUZ02419,0.0
2419,CUZ02420,0.0
2420,CUZ02421,0.0
2421,CUZ02422,0.0
2422,CUZ02423,0.0
2423,CUZ02424,0.0
2424,CUZ02425,97.0
2425,CUZ02426,74.0
2426,CUZ02427,0.0
2427,CUZ02428,0.0
2428,CUZ02429,70.0
2429,CUZ02430,0.0
2430,CUZ02431,0.0
2431,CUZ02432,0.0
2432,CUZ02433,0.0
2433,CUZ02434,118.0
2434,CUZ02435,0.0
2435,CUZ02436,0.0
2436,CUZ02437,0.0
2437,CUZ02438,111.0
2438,CUZ02439,0.0
2439,CUZ02440,0.0
2440,CUZ02441,0.0
2441,CUZ02442,0.0
2442,CUZ02443,0.0
2443,CUZ02444,0.0
2444,CUZ02445,101.0
2445,CUZ02446,96.0
2446,CUZ02447,0.0
2447,CUZ02448,0.0
2448,CUZ02449,0.0
2449,CUZ02450,94.0
2450,CUZ02451,0.0
2451,CUZ02452,0.0
2452,CUZ02453,0.0
2453,CUZ02454,64.0
2454,CUZ02455,0.0
2455,CUZ02456,0.0
2456,CUZ02457,0.0
2457,CUZ02458,94.0
2458,CUZ02459,0.0
2459,CUZ02460,0.0
2460,CUZ02461,0.0
2461,CUZ02462,79.0
2462,CUZ02463,0.0
2463,CUZ02464,98.0
2464,CUZ02465,0.0
2465,CUZ02466,0.0
2466,CUZ02467,0.0
2467,CUZ02468,0.0
2468,CUZ02469,0.0
2469,CUZ02470,0.0
2470,CUZ02471,102.0
2471,CUZ02472,0.0
2472,CUZ02473,0.0
2473,CUZ02474,98.0
2474,CUZ02475,0.0
2475,CUZ02476,0.0
2476,CUZ02477,0.0
2477,CUZ02478,0.0
2478,CUZ02479,0.0
2479,CUZ02480,0.0
2480,CUZ02481,0.0
2481,CUZ02482,0.0
2482,CUZ02483,0.0
2483,CUZ02484,99.0
2484,CUZ02485,0.0
2485,CUZ02486,0.0
2486,CUZ02487,0.0
2487,CUZ02488,0.0
2488,CUZ02489,0.0
2489,CUZ02490,0.0
2490,CUZ02491,0.0
2491,CUZ02492,0.0
2492,CUZ02493,33.0
2493,CUZ02494,0.0
2494,CUZ02495,0.0
2495,CUZ02496,0.0
2496,CUZ02497,0.0
2497,CUZ02498,0.0
2498,CUZ02499,0.0
2499,CUZ02500,0.0
2500,CUZ02501,0.0
2501,CUZ02502,85.0
2502,CUZ02503,0.0
2503,CUZ02504,0.0
2504,CUZ02505,0.0
2505,CUZ02506,0.0
2506,CUZ02507,0.0
2507,CUZ02508,0.0
2508,CUZ02509,0.0
2509,CUZ02510,0.0
2510,CUZ02511,0.0
2511,CUZ02512,54.0
2512,CUZ02513,0.0
2513,CUZ02514,0.0
2514,CUZ02515,0.0
2515,CUZ02516,95.0
2516,CUZ02517,0.0
2517,CUZ02518,0.0
2518,CUZ02519,0.0
2519,CUZ02520,0.0
2520,CUZ02521,78.0
2521,CUZ02522,0.0
2522,CUZ02523,0.0
2523,CUZ02524,0.0
2524,CUZ02525,48.0
2525,CUZ02526,0.0
2526,CUZ02527,0.0
2527,CUZ02528,0.0
2528,CUZ02529,0.0
2529,CUZ02530,0.0
2530,CUZ02531,33.0
2531,CUZ02532,83.0
2532,CUZ02533,97.0
2533,CUZ02534,0.0
2534,CUZ02535,0.0
2535,CUZ02536,0.0
2536,CUZ02537,0.0
2537,CUZ02538,0.0
2538,CUZ02539,0.0
2539,CUZ02540,0.0
2540,CUZ02541,0.0
2541,CUZ02542,0.0
2542,CUZ02543,0.0
2543,CUZ02544,0.0
2544,CUZ02545,0.0
2545,CUZ02546,68.0
2546,CUZ02547,0.0
2547,CUZ02548,0.0
2548,CUZ02549,0.0
2549,CUZ02550,0.0
2550,CUZ02551,0.0
2551,CUZ02552,75.0
2552,CUZ02553,0.0
2553,CUZ02554,46.0
2554,CUZ02555,0.0
2555,CUZ02556,51.0
2556,CUZ02557,0.0
2557,CUZ02558,72.0
2558,CUZ02559,0.0
2559,CUZ02560,57.0
2560,CUZ02561,64.0
2561,CUZ02562,0.0
2562,CUZ02563,0.0
2563,CUZ02564,26.0
2564,CUZ02565,0.0
2565,CUZ02566,0.0
2566,CUZ02567,0.0
2567,CUZ02568,88.0
2568,CUZ02569,0.0
2569,CUZ02570,0.0
2570,CUZ02571,0.0
2571,CUZ02572,0.0
2572,CUZ02573,106.0
2573,CUZ02574,17.0
2574,CUZ02575,61.0
2575,CUZ02576,0.0
2576,CUZ02577,0.0
2577,CUZ02578,0.0
2578,CUZ02579,0.0
2579,CUZ02580,89.0
2580,CUZ02581,0.0
2581,CUZ02582,55.0
2582,CUZ02583,0.0
2583,CUZ02584,64.0
2584,CUZ02585,0.0
2585,CUZ02586,0.0
2586,CUZ02587,0.0
2587,CUZ02588,0.0
2588,CUZ02589,0.0
2589,CUZ02590,55.0
2590,CUZ02591,0.0
2591,CUZ02592,0.0
2592,CUZ02593,0.0
2593,CUZ02594,0.0
2594,CUZ02595,0.0
2595,CUZ02596,0.0
2596,CUZ02597,93.0
2597,CUZ02598,0.0
2598,CUZ02599,52.0
2599,CUZ02600,45.0
2600,CUZ02601,0.0
2601,CUZ02602,82.0
2602,CUZ02603,38.0
2603,CUZ02604,0.0
2604,CUZ02605,0.0
2605,CUZ02606,0.0
2606,CUZ02607,0.0
2607,CUZ02608,0.0
2608,CUZ02609,0.0
2609,CUZ02610,0.0
2610,CUZ02611,0.0
2611,CUZ02612,0.0
2612,CUZ02613,0.0
2613,CUZ02614,0.0
2614,CUZ02615,0.0
2615,CUZ02616,0.0
2616,CUZ02617,0.0
2617,CUZ02618,0.0
2618,CUZ02619,0.0
2619,CUZ02620,0.0
2620,CUZ02621,0.0
2621,CUZ02622,0.0
2622,CUZ02623,0.0
2623,CUZ02624,0.0
2624,CUZ02625,0.0
2625,CUZ02626,0.0
2626,CUZ02627,0.0
2627,CUZ02628,53.0
2628,CUZ02629,0.0
2629,CUZ02630,19.0
2630,CUZ02631,0.0
2631,CUZ02632,0.0
2632,CUZ02633,21.0
2633,CUZ02634,0.0
2634,CUZ02635,85.0
2635,CUZ02636,0.0
2636,CUZ02637,0.0
2637,CUZ02638,0.0
2638,CUZ02639,43.0
2639,CUZ02640,0.0
2640,CUZ02641,0.0
2641,CUZ02642,0.0
2642,CUZ02643,0.0
2643,CUZ02644,0.0
2644,CUZ02645,0.0
2645,CUZ02646,0.0
2646,CUZ02647,0.0
2647,CUZ02648,0.0
2648,CUZ02649,0.0
2649,CUZ02650,0.0
2650,CUZ02651,16.0
2651,CUZ02652,0.0
2652,CUZ02653,0.0
2653,CUZ02654,0.0
2654,CUZ02655,0.0
2655,CUZ02656,0.0
2656,CUZ02657,0.0
2657,CUZ02658,0.0
2658,CUZ02659,0.0
2659,CUZ02660,0.0
2660,CUZ02661,71.0
2661,CUZ02662,0.0
2662,CUZ02663,0.0
2663,CUZ02664,0.0
2664,CUZ02665,0.0
2665,CUZ02666,0.0
2666,CUZ02667,0.0
2667,CUZ02668,69.0
2668,CUZ02669,0.0
2669,CUZ02670,0.0
2670,CUZ02671,0.0
2671,CUZ02672,78.0
2672,CUZ02673,0.0
2673,CUZ02674,0.0
2674,CUZ02675,0.0
2675,CUZ02676,86.0
2676,CUZ02677,0.0
2677,CUZ02678,0.0
2678,CUZ02679,0.0
2679,CUZ02680,0.0
2680,CUZ02681,0.0
2681,CUZ02682,18.0
2682,CUZ02683,0.0
2683,CUZ02684,0.0
2684,CUZ02685,0.0
2685,CUZ02686,0.0
2686,CUZ02687,0.0
2687,CUZ02688,0.0
2688,CUZ02689,0.0
2689,CUZ02690,0.0
2690,CUZ02691,23.0
2691,CUZ02692,0.0
2692,CUZ02693,0.0
2693,CUZ02694,0.0
2694,CUZ02695,0.0
2695,CUZ02696,0.0
2696,CUZ02697,64.0
2697,CUZ02698,0.0
2698,CUZ02699,0.0
2699,CUZ02700,0.0
2700,CUZ02701,0.0
2701,CUZ02702,75.0
2702,CUZ02703,0.0
2703,CUZ02704,0.0
2704,CUZ02705,0.0
2705,CUZ02706,0.0
2706,CUZ02707,0.0
2707,CUZ02708,0.0
2708,CUZ02709,0.0
2709,CUZ02710,0.0
2710,CUZ02711,0.0
2711,CUZ02712,78.0
2712,CUZ02713,42.0
2713,CUZ02714,0.0
2714,CUZ02715,0.0
2715,CUZ02716,0.0
2716,CUZ02717,54.0
2717,CUZ02718,96.0
2718,CUZ02719,0.0
2719,CUZ02720,0.0
2720,CUZ02721,61.0
2721,CUZ02722,0.0
2722,CUZ02723,0.0
2723,CUZ02724,0.0
2724,CUZ02725,0.0
2725,CUZ02726,0.0
2726,CUZ02727,0.0
2727,CUZ02728,0.0
2728,CUZ02729,0.0
2729,CUZ02730,0.0
2730,CUZ02731,0.0
2731,CUZ02732,0.0
2732,CUZ02733,58.0
2733,CUZ02734,0.0
2734,CUZ02735,0.0
2735,CUZ02736,0.0
2736,CUZ02737,0.0
2737,CUZ02738,0.0
2738,CUZ02739,53.0
2739,CUZ02740,0.0
2740,CUZ02741,68.0
2741,CUZ02742,0.0
2742,CUZ02743,0.0
2743,CUZ02744,0.0
2744,CUZ02745,0.0
2745,CUZ02746,0.0
2746,CUZ02747,0.0
2747,CUZ02748,0.0
2748,CUZ02749,0.0
2749,CUZ02750,42.0
2750,CUZ02751,0.0
2751,CUZ02752,0.0
2752,CUZ02753,0.0
2753,CUZ02754,0.0
2754,CUZ02755,0.0
2755,CUZ02756,0.0
2756,CUZ02757,0.0
2757,CUZ02758,0.0
2758,CUZ02759,0.0
2759,CUZ02760,0.0
2760,CUZ02761,0.0
2761,CUZ02762,0.0
2762,CUZ02763,0.0
2763,CUZ02764,0.0
2764,CUZ02765,0.0
2765,CUZ02766,0.0
2766,CUZ02767,0.0
2767,CUZ02768,0.0
2768,CUZ02769,0.0
2769,CUZ02770,0.0
2770,CUZ02771,0.0
2771,CUZ02772,0.0
2772,CUZ02773,0.0
2773,CUZ02774,0.0
2774,CUZ02775,0.0
2775,CUZ02776,0.0
2776,CUZ02777,0.0
2777,CUZ02778,0.0
2778,CUZ02779,0.0
2779,CUZ02780,52.0
2780,CUZ02781,0.0
2781,CUZ02782,0.0
2782,CUZ02783,0.0
2783,CUZ02784,0.0
2784,CUZ02785,45.0
2785,CUZ02786,0.0
2786,CUZ02787,0.0
2787,CUZ02788,0.0
2788,CUZ02789,0.0
2789,CUZ02790,0.0
2790,CUZ02791,0.0
2791,CUZ02792,0.0
2792,CUZ02793,0.0
2793,CUZ02794,0.0
2794,CUZ02795,0.0
2795,CUZ02796,62.0
2796,CUZ02797,0.0
2797,CUZ02798,0.0
2798,CUZ02799,0.0
2799,CUZ02800,0.0
2800,CUZ02801,0.0
2801,CUZ02802,0.0
2802,CUZ02803,0.0
2803,CUZ02804,0.0
2804,CUZ02805,0.0
2805,CUZ02806,0.0
2806,CUZ02807,0.0
2807,CUZ02808,0.0
2808,CUZ02809,0.0
2809,CUZ02810,0.0
2810,CUZ02811,0.0
2811,CUZ02812,0.0
2812,CUZ02813,0.0
2813,CUZ02814,0.0
2814,CUZ02815,0.0
2815,CUZ02816,0.0
2816,CUZ02817,0.0
2817,CUZ02818,0.0
2818,CUZ02819,0.0
2819,CUZ02820,0.0
2820,CUZ02821,74.0
2821,CUZ02822,0.0
2822,CUZ02823,0.0
2823,CUZ02824,0.0
2824,CUZ02825,78.0
2825,CUZ02826,38.0
2826,CUZ02827,0.0
2827,CUZ02828,0.0
2828,CUZ02829,68.0
2829,CUZ02830,0.0
2830,CUZ02831,0.0
2831,CUZ02832,0.0
2832,CUZ02833,0.0
2833,CUZ02834,0.0
2834,CUZ02835,77.0
2835,CUZ02836,0.0
2836,CUZ02837,0.0
2837,CUZ02838,0.0
2838,CUZ02839,0.0
2839,CUZ02840,0.0
2840,CUZ02841,0.0
2841,CUZ02842,0.0
2842,CUZ02843,0.0
2843,CUZ02844,0.0
2844,CUZ02845,0.0
2845,CUZ02846,0.0
2846,CUZ02847,25.0
2847,CUZ02848,0.0
2848,CUZ02849,0.0
2849,CUZ02850,0.0
2850,CUZ02851,0.0
2851,CUZ02852,0.0
2852,CUZ02853,0.0
2853,CUZ02854,0.0
2854,CUZ02855,0.0
2855,CUZ02856,30.0
2856,CUZ02857,0.0
2857,CUZ02858,0.0
2858,CUZ02859,78.0
2859,CUZ02860,26.0
2860,CUZ02861,37.0
2861,CUZ02862,0.0
2862,CUZ02863,0.0
2863,CUZ02864,0.0
2864,CUZ02865,49.0
2865,CUZ02866,35.0
2866,CUZ02867,0.0
2867,CUZ02868,0.0
2868,CUZ02869,0.0
2869,CUZ02870,0.0
2870,CUZ02871,73.0
2871,CUZ02872,0.0
2872,CUZ02873,0.0
2873,CUZ02874,0.0
2874,CUZ02875,0.0
2875,CUZ02876,0.0
2876,CUZ02877,0.0
2877,CUZ02878,0.0
2878,CUZ02879,0.0
2879,CUZ02880,0.0
2880,CUZ02881,0.0
2881,CUZ02882,0.0
2882,CUZ02883,0.0
2883,CUZ02884,82.0
2884,CUZ02885,0.0
2885,CUZ02886,0.0
2886,CUZ02887,0.0
2887,CUZ02888,0.0
2888,CUZ02889,0.0
2889,CUZ02890,0.0
2890,CUZ02891,0.0
2891,CUZ02892,0.0
2892,CUZ02893,0.0
2893,CUZ02894,44.0
2894,CUZ02895,0.0
2895,CUZ02896,0.0
2896,CUZ02897,0.0
2897,CUZ02898,0.0
2898,CUZ02899,0.0
2899,CUZ02900,0.0
2900,CUZ02901,0.0
2901,CUZ02902,0.0
2902,CUZ02903,0.0
2903,CUZ02904,0.0
2904,CUZ02905,0.0
2905,CUZ02906,0.0
2906,CUZ02907,0.0
2907,CUZ02908,0.0
2908,CUZ02909,0.0
2909,CUZ02910,0.0
2910,CUZ02911,0.0
2911,CUZ02912,0.0
2912,CUZ02913,0.0
2913,CUZ02914,0.0
2914,CUZ02915,0.0
2915,CUZ02916,57.0
2916,CUZ02917,0.0
2917,CUZ02918,0.0
2918,CUZ02919,0.0
2919,CUZ02920,0.0
2920,CUZ02921,0.0
2921,CUZ02922,0.0
2922,CUZ02923,0.0
2923,CUZ02924,0.0
2924,CUZ02925,0.0
2925,CUZ02926,0.0
2926,CUZ02927,0.0
2927,CUZ02928,0.0
2928,CUZ02929,0.0
2929,CUZ02930,0.0
2930,CUZ02931,0.0
2931,CUZ02932,0.0
2932,CUZ02933,0.0
2933,CUZ02934,0.0
2934,CUZ02935,0.0
2935,CUZ02936,0.0
2936,CUZ02937,0.0
2937,CUZ02938,60.0
2938,CUZ02939,0.0
2939,CUZ02940,0.0
2940,CUZ02941,0.0
2941,CUZ02942,0.0
2942,CUZ02943,0.0
2943,CUZ02944,56.0
2944,CUZ02945,19.0
2945,CUZ02946,0.0
2946,CUZ02947,0.0
2947,CUZ02948,0.0
2948,CUZ02949,0.0
2949,CUZ02950,0.0
2950,CUZ02951,0.0
2951,CUZ02952,0.0
2952,CUZ02953,0.0
2953,CUZ02954,0.0
2954,CUZ02955,0.0
2955,CUZ02956,0.0
2956,CUZ02957,0.0
2957,CUZ02958,0.0
2958,CUZ02959,0.0
2959,CUZ02960,0.0
2960,CUZ02961,0.0
2961,CUZ02962,0.0
2962,CUZ02963,0.0
2963,CUZ02964,0.0
2964,CUZ02965,0.0
2965,CUZ02966,0.0
2966,CUZ02967,0.0
2967,CUZ02968,67.0
2968,CUZ02969,58.0
2969,CUZ02970,60.0
2970,CUZ02971,0.0
2971,CUZ02972,0.0
2972,CUZ02973,0.0
2973,CUZ02974,0.0
2974,CUZ02975,0.0
2975,CUZ02976,0.0
2976,CUZ02977,0.0
2977,CUZ02978,0.0
2978,CUZ02979,37.0
2979,CUZ02980,0.0
2980,CUZ02981,0.0
2981,CUZ02982,0.0
2982,CUZ02983,0.0
2983,CUZ02984,0.0
2984,CUZ02985,0.0
2985,CUZ02986,0.0
2986,CUZ02987,0.0
2987,CUZ02988,0.0
2988,CUZ02989,0.0
2989,CUZ02990,0.0
2990,CUZ02991,0.0
2991,CUZ02992,0.0
2992,CUZ02993,0.0
2993,CUZ02994,0.0
2994,CUZ02995,0.0
2995,CUZ02996,0.0
2996,CUZ02997,0.0
2997,CUZ02998,0.0
2998,CUZ02999,0.0
2999,CUZ03000,0.0
3000,CUZ03001,0.0
3001,CUZ03002,0.0
3002,CUZ03003,47.0
3003,CUZ03004,0.0
3004,CUZ03005,0.0
3005,CUZ03006,0.0
3006,CUZ03007,36.0
3007,CUZ03008,0.0
3008,CUZ03009,0.0
3009,CUZ03010,0.0
3010,CUZ03011,0.0
3011,CUZ03012,0.0
3012,CUZ03013,0.0
3013,CUZ03014,0.0
3014,CUZ03015,0.0
3015,CUZ03016,0.0
3016,CUZ03017,0.0
3017,CUZ03018,0.0
3018,CUZ03019,0.0
3019,CUZ03020,0.0
3020,CUZ03021,0.0
3021,CUZ03022,0.0
3022,CUZ03023,0.0
3023,CUZ03024,69.0
3024,CUZ03025,0.0
3025,CUZ03026,0.0
3026,CUZ03027,0.0
3027,CUZ03028,0.0
3028,CUZ03029,27.0
3029,CUZ03030,0.0
3030,CUZ03031,0.0
3031,CUZ03032,0.0
3032,CUZ03033,0.0
3033,CUZ03034,0.0
3034,CUZ03035,0.0
3035,CUZ03036,52.0
3036,CUZ03037,0.0
3037,CUZ03038,0.0
3038,CUZ03039,0.0
3039,CUZ03040,0.0
3040,CUZ03041,0.0
3041,CUZ03042,24.0
3042,CUZ03043,0.0
3043,CUZ03044,0.0
3044,CUZ03045,0.0
3045,CUZ03046,0.0
3046,CUZ03047,0.0
3047,CUZ03048,0.0
3048,CUZ03049,0.0
3049,CUZ03050,0.0
3050,CUZ03051,0.0
3051,CUZ03052,0.0
3052,CUZ03053,0.0
3053,CUZ03054,0.0
3054,CUZ03055,51.0
3055,CUZ03056,0.0
3056,CUZ03057,55.0
3057,CUZ03058,0.0
3058,CUZ03059,0.0
3059,CUZ03060,0.0
3060,CUZ03061,0.0
3061,CUZ03062,0.0
3062,CUZ03063,0.0
3063,CUZ03064,0.0
3064,CUZ03065,0.0
3065,CUZ03066,0.0
3066,CUZ03067,0.0
3067,CUZ03068,0.0
3068,CUZ03069,32.0
3069,CUZ03070,0.0
3070,CUZ03071,0.0
3071,CUZ03072,0.0
3072,CUZ03073,0.0
3073,CUZ03074,0.0
3074,CUZ03075,0.0
3075,CUZ03076,65.0
3076,CUZ03077,0.0
3077,CUZ03078,0.0
3078,CUZ03079,0.0
3079,CUZ03080,0.0
3080,CUZ03081,0.0
3081,CUZ03082,0.0
3082,CUZ03083,0.0
3083,CUZ03084,0.0
3084,CUZ03085,0.0
3085,CUZ03086,0.0
3086,CUZ03087,0.0
3087,CUZ03088,0.0
3088,CUZ03089,0.0
3089,CUZ03090,0.0
3090,CUZ03091,0.0
3091,CUZ03092,0.0
3092,CUZ03093,0.0
3093,CUZ03094,0.0
3094,CUZ03095,0.0
3095,CUZ03096,0.0
3096,CUZ03097,0.0
3097,CUZ03098,0.0
3098,CUZ03099,0.0
3099,CUZ03100,0.0
3100,CUZ03101,28.0
3101,CUZ03102,0.0
3102,CUZ03103,0.0
3103,CUZ03104,0.0
3104,CUZ03105,0.0
3105,CUZ03106,0.0
3106,CUZ03107,0.0
3107,CUZ03108,0.0
3108,CUZ03109,0.0
3109,CUZ03110,0.0
3110,CUZ03111,0.0
3111,CUZ03112,0.0
3112,CUZ03113,0.0
3113,CUZ03114,0.0
3114,CUZ03115,0.0
3115,CUZ03116,0.0
3116,CUZ03117,0.0
3117,CUZ03118,33.0
3118,CUZ03119,0.0
3119,CUZ03120,0.0
3120,CUZ03121,0.0
3121,CUZ03122,0.0
3122,CUZ03123,0.0
3123,CUZ03124,0.0
3124,CUZ03125,0.0
3125,CUZ03126,43.0
3126,CUZ03127,52.0
3127,CUZ03128,0.0
3128,CUZ03129,0.0
3129,CUZ03130,0.0
3130,CUZ03131,57.0
3131,CUZ03132,0.0
3132,CUZ03133,0.0
3133,CUZ03134,0.0
3134,CUZ03135,0.0
3135,CUZ03136,28.0
3136,CUZ03137,0.0
3137,CUZ03138,60.0
3138,CUZ03139,0.0
3139,CUZ03140,0.0
3140,CUZ03141,0.0
3141,CUZ03142,48.0
3142,CUZ03143,0.0
3143,CUZ03144,0.0
3144,CUZ03145,0.0
3145,CUZ03146,0.0
3146,CUZ03147,0.0
3147,CUZ03148,0.0
3148,CUZ03149,0.0
3149,CUZ03150,0.0
3150,CUZ03151,0.0
3151,CUZ03152,0.0
3152,CUZ03153,0.0
3153,CUZ03154,0.0
3154,CUZ03155,0.0
3155,CUZ03156,0.0
3156,CUZ03157,0.0
3157,CUZ03158,0.0
3158,CUZ03159,0.0
3159,CUZ03160,0.0
3160,CUZ03161,4.0
3161,CUZ03162,0.0
3162,CUZ03163,0.0
3163,CUZ03164,0.0
3164,CUZ03165,0.0
3165,CUZ03166,0.0
3166,CUZ03167,0.0
3167,CUZ03168,0.0
3168,CUZ03169,37.0
3169,CUZ03170,0.0
3170,CUZ03171,0.0
3171,CUZ03172,0.0
3172,CUZ03173,0.0
3173,CUZ03174,0.0
3174,CUZ03175,0.0
3175,CUZ03176,0.0
3176,CUZ03177,0.0
3177,CUZ03178,0.0
3178,CUZ03179,0.0
3179,CUZ03180,0.0
3180,CUZ03181,35.0
3181,CUZ03182,0.0
3182,CUZ03183,0.0
3183,CUZ03184,0.0
3184,CUZ03185,0.0
3185,CUZ03186,0.0
3186,CUZ03187,0.0
3187,CUZ03188,0.0
3188,CUZ03189,0.0
3189,CUZ03190,0.0
3190,CUZ03191,0.0
3191,CUZ03192,0.0
3192,CUZ03193,0.0
3193,CUZ03194,0.0
3194,CUZ03195,0.0
3195,CUZ03196,41.0
3196,CUZ03197,0.0
3197,CUZ03198,0.0
3198,CUZ03199,0.0
3199,CUZ03200,44.0
3200,CUZ03201,0.0
3201,CUZ03202,0.0
3202,CUZ03203,0.0
3203,CUZ03204,0.0
3204,CUZ03205,0.0
3205,CUZ03206,0.0
3206,CUZ03207,0.0
3207,CUZ03208,0.0
3208,CUZ03209,0.0
3209,CUZ03210,0.0
3210,CUZ03211,53.0
3211,CUZ03212,0.0
3212,CUZ03213,0.0
3213,CUZ03214,0.0
3214,CUZ03215,0.0
3215,CUZ03216,0.0
3216,CUZ03217,0.0
3217,CUZ03218,0.0
3218,CUZ03219,43.0
3219,CUZ03220,35.0
3220,CUZ03221,0.0
3221,CUZ03222,27.0
3222,CUZ03223,0.0
3223,CUZ03224,0.0
3224,CUZ03225,45.0
3225,CUZ03226,0.0
3226,CUZ03227,0.0
3227,CUZ03228,0.0
3228,CUZ03229,0.0
3229,CUZ03230,46.0
3230,CUZ03231,0.0
3231,CUZ03232,0.0
3232,CUZ03233,0.0
3233,CUZ03234,0.0
3234,CUZ03235,0.0
3235,CUZ03236,53.0
3236,CUZ03237,0.0
3237,CUZ03238,0.0
3238,CUZ03239,35.0
3239,CUZ03240,0.0
3240,CUZ03241,0.0
3241,CUZ03242,41.0
3242,CUZ03243,0.0
3243,CUZ03244,0.0
3244,CUZ03245,0.0
3245,CUZ03246,0.0
3246,CUZ03247,0.0
3247,CUZ03248,43.0
3248,CUZ03249,0.0
3249,CUZ03250,0.0
3250,CUZ03251,0.0
3251,CUZ03252,0.0
3252,CUZ03253,0.0
3253,CUZ03254,0.0
3254,CUZ03255,0.0
3255,CUZ03256,0.0
3256,CUZ03257,0.0
3257,CUZ03258,0.0
3258,CUZ03259,0.0
3259,CUZ03260,0.0
3260,CUZ03261,0.0
3261,CUZ03262,0.0
3262,CUZ03263,0.0
3263,CUZ03264,0.0
3264,CUZ03265,0.0
3265,CUZ03266,0.0
3266,CUZ03267,0.0
3267,CUZ03268,0.0
3268,CUZ03269,0.0
3269,CUZ03270,0.0
3270,CUZ03271,0.0
3271,CUZ03272,0.0
3272,CUZ03273,0.0
3273,CUZ03274,0.0
3274,CUZ03275,0.0
3275,CUZ03276,0.0
3276,CUZ03277,0.0
3277,CUZ03278,0.0
3278,CUZ03279,0.0
3279,CUZ03280,0.0
3280,CUZ03281,0.0
3281,CUZ03282,0.0
3282,CUZ03283,0.0
3283,CUZ03284,0.0
3284,CUZ03285,0.0
3285,CUZ03286,0.0
3286,CUZ03287,0.0
3287,CUZ03288,0.0
3288,CUZ03289,0.0
3289,CUZ03290,0.0
3290,CUZ03291,0.0
3291,CUZ03292,0.0
3292,CUZ03293,0.0
3293,CUZ03294,0.0
3294,CUZ03295,0.0
3295,CUZ03296,0.0
3296,CUZ03297,0.0
3297,CUZ03298,0.0
3298,CUZ03299,0.0
3299,CUZ03300,0.0
3300,CUZ03301,0.0
3301,CUZ03302,0.0
3302,CUZ03303,0.0
3303,CUZ03304,0.0
3304,CUZ03305,0.0
3305,CUZ03306,0.0
3306,CUZ03307,0.0
3307,CUZ03308,41.0
3308,CUZ03309,0.0
3309,CUZ03310,0.0
3310,CUZ03311,0.0
3311,CUZ03312,0.0
3312,CUZ03313,0.0
3313,CUZ03314,0.0
3314,CUZ03315,0.0
3315,CUZ03316,0.0
3316,CUZ03317,0.0
3317,CUZ03318,0.0
3318,CUZ03319,0.0
3319,CUZ03320,0.0
3320,CUZ03321,0.0
3321,CUZ03322,0.0
3322,CUZ03323,0.0
3323,CUZ03324,0.0
3324,CUZ03325,0.0
3325,CUZ03326,0.0
3326,CUZ03327,0.0
3327,CUZ03328,24.0
3328,CUZ03329,0.0
3329,CUZ03330,0.0
3330,CUZ03331,36.0
3331,CUZ03332,0.0
3332,CUZ03333,0.0
3333,CUZ03334,0.0
3334,CUZ03335,0.0
3335,CUZ03336,0.0
3336,CUZ03337,26.0
3337,CUZ03338,0.0
3338,CUZ03339,0.0
3339,CUZ03340,18.0
3340,CUZ03341,0.0
3341,CUZ03342,0.0
3342,CUZ03343,0.0
3343,CUZ03344,0.0
3344,CUZ03345,0.0
3345,CUZ03346,0.0
3346,CUZ03347,0.0
3347,CUZ03348,0.0
3348,CUZ03349,0.0
3349,CUZ03350,0.0
3350,CUZ03351,0.0
3351,CUZ03352,0.0
3352,CUZ03353,0.0
3353,CUZ03354,0.0
3354,CUZ03355,0.0
3355,CUZ03356,0.0
3356,CUZ03357,0.0
3357,CUZ03358,0.0
3358,CUZ03359,0.0
3359,CUZ03360,0.0
3360,CUZ03361,0.0
3361,CUZ03362,0.0
3362,CUZ03363,0.0
3363,CUZ03364,0.0
3364,CUZ03365,0.0
3365,CUZ03366,0.0
3366,CUZ03367,0.0
3367,CUZ03368,0.0
3368,CUZ03369,0.0
3369,CUZ03370,0.0
3370,CUZ03371,24.0
3371,CUZ03372,0.0
3372,CUZ03373,0.0
3373,CUZ03374,0.0
3374,CUZ03375,0.0
3375,CUZ03376,0.0
3376,CUZ03377,0.0
3377,CUZ03378,0.0
3378,CUZ03379,0.0
3379,CUZ03380,17.0
3380,CUZ03381,0.0
3381,CUZ03382,0.0
3382,CUZ03383,0.0
3383,CUZ03384,0.0
3384,CUZ03385,0.0
3385,CUZ03386,0.0
3386,CUZ03387,0.0
3387,CUZ03388,0.0
3388,CUZ03389,0.0
3389,CUZ03390,0.0
3390,CUZ03391,0.0
3391,CUZ03392,0.0
3392,CUZ03393,0.0
3393,CUZ03394,21.0
3394,CUZ03395,0.0
3395,CUZ03396,0.0
3396,CUZ03397,0.0
3397,CUZ03398,32.0
3398,CUZ03399,0.0
3399,CUZ03400,0.0
3400,CUZ03401,0.0
3401,CUZ03402,0.0
3402,CUZ03403,0.0
3403,CUZ03404,0.0
3404,CUZ03405,0.0
3405,CUZ03406,0.0
3406,CUZ03407,0.0
3407,CUZ03408,0.0
3408,CUZ03409,0.0
3409,CUZ03410,0.0
3410,CUZ03411,0.0
3411,CUZ03412,0.0
3412,CUZ03413,0.0
3413,CUZ03414,0.0
3414,CUZ03415,17.0
3415,CUZ03416,0.0
3416,CUZ03417,17.0
3417,CUZ03418,41.0
3418,CUZ03419,0.0
3419,CUZ03420,0.0
3420,CUZ03421,0.0
3421,CUZ03422,0.0
3422,CUZ03423,0.0
3423,CUZ03424,0.0
3424,CUZ03425,0.0
3425,CUZ03426,27.0
3426,CUZ03427,0.0
3427,CUZ03428,0.0
3428,CUZ03429,41.0
3429,CUZ03430,0.0
3430,CUZ03431,0.0
3431,CUZ03432,23.0
3432,CUZ03433,0.0
3433,CUZ03434,0.0
3434,CUZ03435,0.0
3435,CUZ03436,0.0
3436,CUZ03437,0.0
3437,CUZ03438,17.0
3438,CUZ03439,0.0
3439,CUZ03440,0.0
3440,CUZ03441,0.0
3441,CUZ03442,0.0
3442,CUZ03443,0.0
3443,CUZ03444,0.0
3444,CUZ03445,0.0
3445,CUZ03446,0.0
3446,CUZ03447,0.0
3447,CUZ03448,0.0
3448,CUZ03449,0.0
3449,CUZ03450,0.0
3450,CUZ03451,0.0
3451,CUZ03452,0.0
3452,CUZ03453,13.0
3453,CUZ03454,0.0
3454,CUZ03455,0.0
3455,CUZ03456,0.0
3456,CUZ03457,0.0
3457,CUZ03458,0.0
3458,CUZ03459,0.0
3459,CUZ03460,0.0
3460,CUZ03461,0.0
3461,CUZ03462,0.0
3462,CUZ03463,0.0
3463,CUZ03464,0.0
3464,CUZ03465,0.0
3465,CUZ03466,0.0
3466,CUZ03467,18.0
3467,CUZ03468,10.0
3468,CUZ03469,0.0
3469,CUZ03470,0.0
3470,CUZ03471,0.0
3471,CUZ03472,0.0
3472,CUZ03473,38.0
3473,CUZ03474,0.0
3474,CUZ03475,0.0
3475,CUZ03476,0.0
3476,CUZ03477,0.0
3477,CUZ03478,0.0
3478,CUZ03479,0.0
3479,CUZ03480,0.0
3480,CUZ03481,0.0
3481,CUZ03482,0.0
3482,CUZ03483,0.0
3483,CUZ03484,0.0
3484,CUZ03485,0.0
3485,CUZ03486,0.0
3486,CUZ03487,0.0
3487,CUZ03488,0.0
3488,CUZ03489,0.0
3489,CUZ03490,0.0
3490,CUZ03491,0.0
3491,CUZ03492,0.0
3492,CUZ03493,0.0
3493,CUZ03494,0.0
3494,CUZ03495,0.0
3495,CUZ03496,0.0
3496,CUZ03497,0.0
3497,CUZ03498,0.0
3498,CUZ03499,0.0
3499,CUZ03500,0.0
3500,CUZ03501,0.0
3501,CUZ03502,26.0
3502,CUZ03503,10.0
3503,CUZ03504,0.0
3504,CUZ03505,0.0
3505,CUZ03506,0.0
3506,CUZ03507,0.0
3507,CUZ03508,0.0
3508,CUZ03509,0.0
3509,CUZ03510,0.0
3510,CUZ03511,0.0
3511,CUZ03512,0.0
3512,CUZ03513,0.0
3513,CUZ03514,0.0
3514,CUZ03515,0.0
3515,CUZ03516,0.0
3516,CUZ03517,0.0
3517,CUZ03518,0.0
3518,CUZ03519,0.0
3519,CUZ03520,9.0
3520,CUZ03521,0.0
3521,CUZ03522,0.0
3522,CUZ03523,0.0
3523,CUZ03524,0.0
3524,CUZ03525,0.0
3525,CUZ03526,0.0
3526,CUZ03527,0.0
3527,CUZ03528,0.0
3528,CUZ03529,0.0
3529,CUZ03530,0.0
3530,CUZ03531,0.0
3531,CUZ03532,0.0
3532,CUZ03533,0.0
3533,CUZ03534,26.0
3534,CUZ03535,0.0
3535,CUZ03536,16.0
3536,CUZ03537,0.0
3537,CUZ03538,0.0
3538,CUZ03539,0.0
3539,CUZ03540,0.0
3540,CUZ03541,0.0
3541,CUZ03542,0.0
3542,CUZ03543,0.0
3543,CUZ03544,0.0
3544,CUZ03545,4.0
3545,CUZ03546,0.0
3546,CUZ03547,33.0
3547,CUZ03548,0.0
3548,CUZ03549,0.0
3549,CUZ03550,0.0
3550,CUZ03551,0.0
3551,CUZ03552,0.0
3552,CUZ03553,0.0
3553,CUZ03554,0.0
3554,CUZ03555,0.0
3555,CUZ03556,0.0
3556,CUZ03557,20.0
3557,CUZ03558,0.0
3558,CUZ03559,0.0
3559,CUZ03560,0.0
3560,CUZ03561,0.0
3561,CUZ03562,0.0
3562,CUZ03563,0.0
3563,CUZ03564,0.0
3564,CUZ03565,0.0
3565,CUZ03566,0.0
3566,CUZ03567,0.0
3567,CUZ03568,0.0
3568,CUZ03569,0.0
3569,CUZ03570,0.0
3570,CUZ03571,0.0
3571,CUZ03572,0.0
3572,CUZ03573,0.0
3573,CUZ03574,0.0
3574,CUZ03575,0.0
3575,CUZ03576,0.0
3576,CUZ03577,0.0
3577,CUZ03578,0.0
3578,CUZ03579,0.0
3579,CUZ03580,0.0
3580,CUZ03581,0.0
3581,CUZ03582,0.0
3582,CUZ03583,0.0
3583,CUZ03584,0.0
3584,CUZ03585,0.0
3585,CUZ03586,0.0
3586,CUZ03587,0.0
3587,CUZ03588,0.0
3588,CUZ03589,0.0
3589,CUZ03590,0.0
3590,CUZ03591,0.0
3591,CUZ03592,0.0
3592,CUZ03593,0.0
3593,CUZ03594,0.0
3594,CUZ03595,0.0
3595,CUZ03596,0.0
3596,CUZ03597,0.0
3597,CUZ03598,0.0
3598,CUZ03599,0.0
3599,CUZ03600,0.0
3600,CUZ03601,0.0
3601,CUZ03602,0.0
3602,CUZ03603,0.0
3603,CUZ03604,0.0
3604,CUZ03605,0.0
3605,CUZ03606,0.0
3606,CUZ03607,0.0
3607,CUZ03608,0.0
3608,CUZ03609,0.0
3609,CUZ03610,0.0
3610,CUZ03611,0.0
3611,CUZ03612,0.0
3612,CUZ03613,0.0
3613,CUZ03614,0.0
3614,CUZ03615,0.0
3615,CUZ03616,0.0
3616,CUZ03617,0.0
3617,CUZ03618,0.0
3618,CUZ03619,0.0
3619,CUZ03620,0.0
3620,CUZ03621,0.0
3621,CUZ03622,0.0
3622,CUZ03623,0.0
3623,CUZ03624,0.0
3624,CUZ03625,0.0
3625,CUZ03626,0.0
3626,CUZ03627,0.0
3627,CUZ03628,0.0
3628,CUZ03629,0.0
3629,CUZ03630,0.0
3630,CUZ03631,0.0
3631,CUZ03632,0.0
3632,CUZ03633,0.0
3633,CUZ03634,0.0
3634,CUZ03635,0.0
3635,CUZ03636,0.0
3636,CUZ03637,0.0
3637,CUZ03638,0.0
3638,CUZ03639,0.0
3639,CUZ03640,0.0
3640,CUZ03641,0.0
3641,CUZ03642,0.0
3642,CUZ03643,0.0
3643,CUZ03644,0.0
3644,CUZ03645,0.0
3645,CUZ03646,0.0
3646,CUZ03647,0.0
3647,CUZ03648,0.0
3648,CUZ03649,0.0
3649,CUZ03650,0.0
3650,CUZ03651,0.0
3651,CUZ03652,0.0
3652,CUZ03653,0.0
3653,CUZ03654,0.0
3654,CUZ03655,0.0
3655,CUZ03656,0.0
3656,CUZ03657,0.0
3657,CUZ03658,0.0
3658,CUZ03659,0.0
3659,CUZ03660,0.0
3660,CUZ03661,0.0
3661,CUZ03662,0.0
3662,CUZ03663,0.0
3663,CUZ03664,0.0
3664,CUZ03665,0.0
3665,CUZ03666,0.0
3666,CUZ03667,0.0
3667,CUZ03668,0.0
3668,CUZ03669,0.0
3669,CUZ03670,0.0
3670,CUZ03671,0.0
3671,CUZ03672,0.0
3672,CUZ03673,0.0
3673,CUZ03674,0.0
3674,CUZ03675,0.0
3675,CUZ03676,0.0
3676,CUZ03677,0.0
3677,CUZ03678,0.0
3678,CUZ03679,0.0
3679,CUZ03680,0.0
3680,CUZ03681,0.0
3681,CUZ03682,0.0
3682,CUZ03683,0.0
3683,CUZ03684,0.0
3684,CUZ03685,0.0
3685,CUZ03686,0.0
3686,CUZ03687,0.0
3687,CUZ03688,0.0
3688,CUZ03689,0.0
3689,CUZ03690,0.0
3690,CUZ03691,0.0
3691,CUZ03692,0.0
3692,CUZ03693,0.0
3693,CUZ03694,0.0
3694,CUZ03695,0.0
3695,CUZ03696,0.0
3696,CUZ03697,0.0
3697,CUZ03698,0.0
3698,CUZ03699,0.0
3699,CUZ03700,0.0
3700,CUZ03701,0.0
3701,CUZ03702,0.0
3702,CUZ03703,0.0
3703,CUZ03704,0.0
3704,CUZ03705,0.0
3705,CUZ03706,0.0
3706,CUZ03707,0.0
3707,CUZ03708,0.0
3708,CUZ03709,0.0
3709,CUZ03710,0.0
3710,CUZ03711,0.0
3711,CUZ03712,0.0
3712,CUZ03713,0.0
3713,CUZ03714,0.0
3714,CUZ03715,0.0
3715,CUZ03716,0.0
3716,CUZ03717,0.0
3717,CUZ03718,0.0
3718,CUZ03719,0.0
3719,CUZ03720,0.0
3720,CUZ03721,0.0
3721,CUZ03722,0.0
3722,CUZ03723,0.0
3723,CUZ03724,0.0
3724,CUZ03725,0.0
3725,CUZ03726,0.0
3726,CUZ03727,0.0
3727,CUZ03728,0.0
3728,CUZ03729,0.0
3729,CUZ03730,0.0
3730,CUZ03731,0.0
3731,CUZ03732,0.0
3732,CUZ03733,0.0
3733,CUZ03734,0.0
3734,CUZ03735,0.0
3735,CUZ03736,0.0
3736,CUZ03737,0.0
3737,CUZ03738,0.0
3738,CUZ03739,0.0
3739,CUZ03740,0.0
3740,CUZ03741,0.0
3741,CUZ03742,0.0
3742,CUZ03743,0.0
3743,CUZ03744,0.0
3744,CUZ03745,0.0
3745,CUZ03746,0.0
3746,CUZ03747,0.0
3747,CUZ03748,0.0
3748,CUZ03749,0.0
3749,CUZ03750,0.0
3750,CUZ03751,0.0
3751,CUZ03752,0.0
3752,CUZ03753,0.0
3753,CUZ03754,0.0
3754,CUZ03755,0.0
3755,CUZ03756,0.0
3756,CUZ03757,0.0
3757,CUZ03758,0.0
3758,CUZ03759,0.0
3759,CUZ03760,0.0
3760,CUZ03761,0.0
3761,CUZ03762,0.0
3762,CUZ03763,0.0
3763,CUZ03764,0.0
3764,CUZ03765,0.0
3765,CUZ03766,0.0
3766,CUZ03767,0.0
3767,CUZ03768,0.0
3768,CUZ03769,0.0
3769,CUZ03770,0.0
3770,CUZ03771,0.0
3771,CUZ03772,0.0
3772,CUZ03773,0.0
3773,CUZ03774,0.0
3774,CUZ03775,0.0
3775,CUZ03776,0.0
3776,CUZ03777,0.0
3777,CUZ03778,0.0
3778,CUZ03779,0.0
3779,CUZ03780,0.0
3780,CUZ03781,0.0
3781,CUZ03782,0.0
3782,CUZ03783,0.0
3783,CUZ03784,0.0
3784,CUZ03785,0.0
3785,CUZ03786,0.0
3786,CUZ03787,0.0
3787,CUZ03788,0.0
3788,CUZ03789,0.0
3789,CUZ03790,0.0
3790,CUZ03791,0.0
3791,CUZ03792,0.0
3792,CUZ03793,0.0
3793,CUZ03794,0.0
3794,CUZ03795,0.0
3795,CUZ03796,0.0
3796,CUZ03797,0.0
3797,CUZ03798,0.0
3798,CUZ03799,0.0
3799,CUZ03800,0.0
3800,CUZ03801,0.0
3801,CUZ03802,0.0
3802,CUZ03803,0.0
3803,CUZ03804,0.0
3804,CUZ03805,0.0
3805,CUZ03806,0.0
3806,CUZ03807,0.0
3807,CUZ03808,0.0
3808,CUZ03809,0.0
3809,CUZ03810,0.0
3810,CUZ03811,0.0
3811,CUZ03812,0.0
3812,CUZ03813,0.0
3813,CUZ03814,0.0
3814,CUZ03815,0.0
3815,CUZ03816,0.0
3816,CUZ03817,0.0
3817,CUZ03818,0.0
3818,CUZ03819,0.0
3819,CUZ03820,0.0
3820,CUZ03821,0.0
3821,CUZ03822,0.0
3822,CUZ03823,0.0
3823,CUZ03824,0.0
3824,CUZ03825,0.0
3825,CUZ03826,0.0
3826,CUZ03827,0.0
3827,CUZ03828,0.0
3828,CUZ03829,0.0
3829,CUZ03830,0.0
3830,CUZ03831,0.0
3831,CUZ03832,0.0
3832,CUZ03833,0.0
3833,CUZ03834,0.0
3834,CUZ03835,0.0
3835,CUZ03836,0.0
3836,CUZ03837,0.0
3837,CUZ03838,0.0
3838,CUZ03839,0.0
3839,CUZ03840,0.0
3840,CUZ03841,0.0
3841,CUZ03842,0.0
3842,CUZ03843,0.0
3843,CUZ03844,0.0
3844,CUZ03845,0.0
3845,CUZ03846,0.0
3846,CUZ03847,0.0
3847,CUZ03848,0.0
3848,CUZ03849,0.0
3849,CUZ03850,0.0
3850,CUZ03851,0.0
3851,CUZ03852,0.0
3852,CUZ03853,0.0
3853,CUZ03854,0.0
3854,CUZ03855,0.0
3855,CUZ03856,0.0
3856,CUZ03857,0.0
3857,CUZ03858,0.0
3858,CUZ03859,0.0
3859,CUZ03860,0.0
3860,CUZ03861,0.0
3861,CUZ03862,0.0
3862,CUZ03863,0.0
3863,CUZ03864,0.0
3864,CUZ03865,0.0
3865,CUZ03866,0.0
3866,CUZ03867,0.0
3867,CUZ03868,0.0
3868,CUZ03869,0.0
3869,CUZ03870,0.0
3870,CUZ03871,0.0
3871,CUZ03872,0.0
3872,CUZ03873,0.0
3873,CUZ03874,0.0
3874,CUZ03875,0.0
3875,CUZ03876,0.0
3876,CUZ03877,0.0
3877,CUZ03878,0.0
3878,CUZ03879,0.0
3879,CUZ03880,0.0
3880,CUZ03881,0.0
3881,CUZ03882,0.0
3882,CUZ03883,0.0
3883,CUZ03884,0.0
3884,CUZ03885,0.0
3885,CUZ03886,0.0
3886,CUZ03887,0.0
3887,CUZ03888,0.0
3888,CUZ03889,0.0
3889,CUZ03890,0.0
3890,CUZ03891,0.0
3891,CUZ03892,0.0
3892,CUZ03893,0.0
3893,CUZ03894,0.0
3894,CUZ03895,0.0
3895,CUZ03896,0.0
3896,CUZ03897,0.0
3897,CUZ03898,0.0
3898,CUZ03899,0.0
3899,CUZ03900,0.0
3900,CUZ03901,0.0
3901,CUZ03902,0.0
3902,CUZ03903,0.0
3903,CUZ03904,0.0
3904,CUZ03905,0.0
3905,CUZ03906,0.0
3906,CUZ03907,0.0
3907,CUZ03908,0.0
3908,CUZ03909,0.0
3909,CUZ03910,0.0
3910,CUZ03911,0.0
3911,CUZ03912,0.0
3912,CUZ03913,0.0
3913,CUZ03914,0.0
3914,CUZ03915,0.0
3915,CUZ03916,0.0
3916,CUZ03917,0.0
3917,CUZ03918,0.0
3918,CUZ03919,0.0
3919,CUZ03920,0.0
3920,CUZ03921,0.0
3921,CUZ03922,0.0
3922,CUZ03923,0.0
3923,CUZ03924,0.0
3924,CUZ03925,0.0
3925,CUZ03926,0.0
3926,CUZ03927,0.0
3927,CUZ03928,0.0
3928,CUZ03929,0.0
3929,CUZ03930,0.0
3930,CUZ03931,0.0
3931,CUZ03932,0.0
3932,CUZ03933,0.0
3933,CUZ03934,0.0
3934,CUZ03935,0.0
3935,CUZ03936,0.0
3936,CUZ03937,0.0
3937,CUZ03938,0.0
3938,CUZ03939,0.0
3939,CUZ03940,0.0
3940,CUZ03941,0.0
3941,CUZ03942,0.0
